BEGIN TRANSACTION;
CREATE TABLE IF NOT EXISTS "Listings" (
	"listingid"	INTEGER,
	"hostid"	INTEGER NOT NULL,
	"listingName"	TEXT NOT NULL,
	"price"	INTEGER,
	"roomType"	TEXT,
	"rating"	INTEGER,
	"photoUrl"	TEXT,
	FOREIGN KEY("hostid") REFERENCES "Hosts"("hostid") ON DELETE CASCADE,
	PRIMARY KEY("listingid" AUTOINCREMENT)
);
CREATE TABLE IF NOT EXISTS "Reviews" (
	"reviewid"	INTEGER,
	"listingid"	INTEGER NOT NULL,
	"content"	TEXT,
	FOREIGN KEY("listingid") REFERENCES "Listings"("listingid") ON DELETE CASCADE,
	PRIMARY KEY("reviewid" AUTOINCREMENT)
);
CREATE TABLE IF NOT EXISTS "Hosts" (
	"hostid"	INTEGER,
	"name"	TEXT,
	"email"	TEXT,
	"phone"	NUMERIC,
	PRIMARY KEY("hostid" AUTOINCREMENT)
);
CREATE TABLE IF NOT EXISTS "HostInfo" (
	"infoid"	INTEGER,
	"hostid"	INTEGER,
	"responseRate"	REAL,
	"startFrom"	TEXT,
	FOREIGN KEY("hostid") REFERENCES "Hosts"("hostid") ON DELETE CASCADE,
	PRIMARY KEY("infoid" AUTOINCREMENT)
);
CREATE TABLE IF NOT EXISTS "Guests" (
	"guestid"	INTEGER,
	"name"	TEXT,
	PRIMARY KEY("guestid" AUTOINCREMENT)
);
CREATE TABLE IF NOT EXISTS "Listing_Guest" (
	"listingid"	INTEGER,
	"guestid"	INTEGER,
	FOREIGN KEY("guestid") REFERENCES "Guests"("guestid") ON DELETE CASCADE,
	FOREIGN KEY("listingid") REFERENCES "Listings"("listingid") ON DELETE CASCADE
);
INSERT INTO "Listings" ("listingid","hostid","listingName","price","roomType","rating","photoUrl") VALUES (1,101,'Lygodium palmatum (Bernh.) Sw.',119,'Private Room',2,'http://dummyimage.com/199x174.jpg/5fa2dd/ffffff'),
 (2,164,'Ribes californicum Hook. & Arn.',82,'Entire Room',0,'http://dummyimage.com/165x230.bmp/ff4444/ffffff'),
 (3,51,'Niphidium J. Sm.',155,'Private Room',4,'http://dummyimage.com/177x197.png/5fa2dd/ffffff'),
 (4,93,'Castilleja applegatei Fernald ssp. disticha (Eastw.) T.I. Chuang & Heckard',186,'Private Room',0,'http://dummyimage.com/157x219.png/ff4444/ffffff'),
 (5,22,'Hottonia inflata Elliott',4,'Private Room',2,'http://dummyimage.com/199x103.png/dddddd/000000'),
 (6,105,'Brosimum utile (Kunth) Pittier',9,'Private Room',3,'http://dummyimage.com/124x204.jpg/dddddd/000000'),
 (7,53,'Pentapetes phoenicea L.',175,'Entire Room',4,'http://dummyimage.com/133x158.bmp/cc0000/ffffff'),
 (8,144,'Sedum dasyphyllum L.',108,'Entire Room',5,'http://dummyimage.com/108x128.bmp/dddddd/000000'),
 (9,140,'Cypripedium ×andrewsii A.M. Fuller',91,'Private Room',4,'http://dummyimage.com/187x122.jpg/cc0000/ffffff'),
 (10,107,'Hazardia brickellioides (S.F. Blake) W.D. Clark',13,'Private Room',0,'http://dummyimage.com/102x211.png/ff4444/ffffff'),
 (11,105,'Lesquerella utahensis Rydb.',96,'Entire Room',4,'http://dummyimage.com/126x104.png/cc0000/ffffff'),
 (12,75,'×Dryostichum W.H. Wagner',176,'Private Room',0,'http://dummyimage.com/218x225.png/dddddd/000000'),
 (13,97,'Epidendrum antillanum Ackerman & Hágsater',110,'Private Room',5,'http://dummyimage.com/235x192.jpg/ff4444/ffffff'),
 (14,168,'Tropidia Lindl.',49,'Private Room',4,'http://dummyimage.com/122x167.jpg/dddddd/000000'),
 (15,160,'Centaurium erythraea Rafn',139,'Private Room',1,'http://dummyimage.com/238x112.png/dddddd/000000'),
 (16,140,'Erigeron rhizomatus Cronquist',100,'Private Room',3,'http://dummyimage.com/228x144.bmp/cc0000/ffffff'),
 (17,190,'Abutilon theophrasti Medik.',40,'Private Room',1,'http://dummyimage.com/176x114.png/cc0000/ffffff'),
 (18,7,'Silene acaulis (L.) Jacq. var. acaulis',15,'Private Room',2,'http://dummyimage.com/100x138.jpg/cc0000/ffffff'),
 (19,72,'Paspalum fasciculatum Willd. ex Flueggé',91,'Entire Room',5,'http://dummyimage.com/131x172.png/5fa2dd/ffffff'),
 (20,6,'Acarospora asahinae H. Magn.',15,'Entire Room',4,'http://dummyimage.com/249x156.bmp/dddddd/000000'),
 (21,94,'Prosopis glandulosa Torr. var. glandulosa',192,'Private Room',0,'http://dummyimage.com/217x178.jpg/dddddd/000000'),
 (22,137,'Astragalus gummifer Labill.',76,'Private Room',4,'http://dummyimage.com/127x201.png/dddddd/000000'),
 (23,110,'Momordica charantia L.',68,'Private Room',4,'http://dummyimage.com/191x230.jpg/cc0000/ffffff'),
 (24,150,'Chloris ×subdolichostachya Müll. Berol. (pro sp.)',119,'Private Room',1,'http://dummyimage.com/135x204.bmp/ff4444/ffffff'),
 (25,193,'Petalonyx linearis Greene',123,'Entire Room',2,'http://dummyimage.com/193x212.jpg/dddddd/000000'),
 (26,96,'Rubus trifrons Blanch.',87,'Entire Room',3,'http://dummyimage.com/245x225.png/dddddd/000000'),
 (27,84,'Trifolium ciliolatum Benth.',75,'Entire Room',1,'http://dummyimage.com/146x154.png/cc0000/ffffff'),
 (28,160,'Grindelia fraxinopratensis Reveal & Beatley',52,'Entire Room',5,'http://dummyimage.com/247x197.bmp/cc0000/ffffff'),
 (29,183,'Veronica arvensis L.',157,'Private Room',3,'http://dummyimage.com/132x207.jpg/dddddd/000000'),
 (30,35,'Cirsium fontinale (Greene) Jeps. var. campylon (H. Sharsm.) Pilz ex Keil & C. Turner',191,'Entire Room',5,'http://dummyimage.com/160x157.jpg/5fa2dd/ffffff'),
 (31,123,'Solidago simplex Kunth',25,'Private Room',1,'http://dummyimage.com/122x250.png/5fa2dd/ffffff'),
 (32,157,'Brachymenium andersonii H.A. Crum',44,'Private Room',3,'http://dummyimage.com/178x219.png/cc0000/ffffff'),
 (33,153,'Astragalus lackschewitzii Lavin & H. Marriott',147,'Private Room',4,'http://dummyimage.com/209x135.jpg/cc0000/ffffff'),
 (34,112,'Phlox amoena Sims ssp. lighthipei (Small) Wherry',91,'Entire Room',0,'http://dummyimage.com/152x110.bmp/dddddd/000000'),
 (36,55,'Valeriana acutiloba Rydb.',194,'Entire Room',4,'http://dummyimage.com/130x210.bmp/cc0000/ffffff'),
 (37,115,'Desmodium viridiflorum (L.) DC.',137,'Entire Room',5,'http://dummyimage.com/163x172.bmp/cc0000/ffffff'),
 (38,30,'Prosopis cineraria (L.) Druce',69,'Private Room',2,'http://dummyimage.com/235x140.png/5fa2dd/ffffff'),
 (39,95,'Salix cascadensis Cockerell',172,'Private Room',4,'http://dummyimage.com/217x196.bmp/dddddd/000000'),
 (40,142,'Stachys bigelovii A. Gray',68,'Private Room',1,'http://dummyimage.com/121x226.bmp/5fa2dd/ffffff'),
 (41,81,'Penstemon clevelandii A. Gray',148,'Entire Room',1,'http://dummyimage.com/111x139.jpg/5fa2dd/ffffff'),
 (42,137,'Arceuthobium occidentale Engelm.',6,'Entire Room',5,'http://dummyimage.com/168x124.png/dddddd/000000'),
 (43,96,'Citrus ×aurantiifolia (Christm.) Swingle (pro sp.)',167,'Entire Room',5,'http://dummyimage.com/131x227.png/cc0000/ffffff'),
 (44,60,'Rudbeckia graminifolia (Torr. & A. Gray) C.L. Boynt. & Beadle',10,'Private Room',4,'http://dummyimage.com/120x184.png/cc0000/ffffff'),
 (45,47,'Oxytropis lagopus Nutt. var. lagopus',43,'Private Room',3,'http://dummyimage.com/206x196.png/5fa2dd/ffffff'),
 (46,188,'Lessingia leptoclada A. Gray',82,'Private Room',1,'http://dummyimage.com/139x111.bmp/5fa2dd/ffffff'),
 (47,177,'Silene caroliniana Walter',61,'Entire Room',4,'http://dummyimage.com/206x124.bmp/5fa2dd/ffffff'),
 (48,187,'Verbascum olympicum Boiss.',200,'Private Room',0,'http://dummyimage.com/228x142.bmp/5fa2dd/ffffff'),
 (49,132,'Quercus ×caesariensis Moldenke',25,'Entire Room',2,'http://dummyimage.com/170x119.png/cc0000/ffffff'),
 (50,3,'Helianthella uniflora (Nutt.) Torr. & A. Gray',37,'Entire Room',5,'http://dummyimage.com/231x212.png/5fa2dd/ffffff'),
 (51,151,'Pinus aristata Engelm.',102,'Entire Room',0,'http://dummyimage.com/239x174.jpg/ff4444/ffffff'),
 (52,113,'Umbilicaria polyphylla (L.) Baumg.',115,'Entire Room',0,'http://dummyimage.com/151x203.png/5fa2dd/ffffff'),
 (53,14,'Dicranum groenlandicum Brid.',198,'Private Room',1,'http://dummyimage.com/108x170.bmp/dddddd/000000'),
 (54,30,'Paronychia chartacea Fernald ssp. chartacea',149,'Entire Room',5,'http://dummyimage.com/128x143.png/cc0000/ffffff'),
 (55,166,'Isocoma menziesii (Hook. & Arn.) G.L. Nesom',138,'Entire Room',4,'http://dummyimage.com/102x148.png/ff4444/ffffff'),
 (56,95,'Solidago ulmifolia Muhl. ex Willd. var. palmeri Cronquist',87,'Entire Room',5,'http://dummyimage.com/213x221.bmp/dddddd/000000'),
 (57,134,'Brassica napus L.',59,'Entire Room',3,'http://dummyimage.com/142x242.jpg/cc0000/ffffff'),
 (58,117,'Enterosora trifurcata (L.) Bishop',5,'Private Room',0,'http://dummyimage.com/216x104.bmp/ff4444/ffffff'),
 (59,15,'Philonotis marchica (Hedw.) Brid.',32,'Private Room',1,'http://dummyimage.com/170x184.bmp/dddddd/000000'),
 (60,68,'Penstemon ×peirsonii Munz & I.M. Johnst. (pro sp.)',105,'Private Room',5,'http://dummyimage.com/233x164.bmp/5fa2dd/ffffff'),
 (61,112,'Cymbopogon nardus (L.) Rendle',118,'Entire Room',5,'http://dummyimage.com/181x132.png/ff4444/ffffff'),
 (62,176,'Bromidium Nees & Meyen',30,'Entire Room',3,'http://dummyimage.com/133x195.jpg/5fa2dd/ffffff'),
 (63,108,'Kanaloa D.H. Lorence & K.R. Wood',185,'Entire Room',4,'http://dummyimage.com/163x227.png/ff4444/ffffff'),
 (64,141,'Carex jonesii L.H. Bailey',144,'Entire Room',0,'http://dummyimage.com/155x174.jpg/ff4444/ffffff'),
 (65,115,'Cordylanthus nidularius J.T. Howell',55,'Private Room',4,'http://dummyimage.com/206x156.jpg/5fa2dd/ffffff'),
 (66,102,'Buxbaumia aphylla Hedw.',11,'Private Room',2,'http://dummyimage.com/227x188.jpg/cc0000/ffffff'),
 (67,171,'Maranta arundinacea L.',26,'Entire Room',2,'http://dummyimage.com/212x162.bmp/ff4444/ffffff'),
 (68,188,'Acisanthera quadrata Pers.',62,'Private Room',3,'http://dummyimage.com/189x107.png/cc0000/ffffff'),
 (69,139,'Rubus pugnax L.H. Bailey',60,'Entire Room',2,'http://dummyimage.com/122x206.jpg/dddddd/000000'),
 (70,35,'Ophioparma ventosa (L.) Norman',128,'Entire Room',4,'http://dummyimage.com/181x186.jpg/cc0000/ffffff'),
 (71,159,'Erigeron biolettii Greene',128,'Private Room',0,'http://dummyimage.com/231x212.jpg/dddddd/000000'),
 (72,179,'Dalea candida Michx. ex Willd. var. candida',119,'Entire Room',4,'http://dummyimage.com/185x107.png/5fa2dd/ffffff'),
 (73,49,'Nymphaea tetragona Georgi',30,'Private Room',2,'http://dummyimage.com/211x151.bmp/ff4444/ffffff'),
 (74,118,'Iris foetidissima L.',162,'Entire Room',3,'http://dummyimage.com/232x178.bmp/cc0000/ffffff'),
 (75,177,'Erigeron watsonii (A. Gray) Cronquist',7,'Entire Room',1,'http://dummyimage.com/250x214.png/cc0000/ffffff'),
 (76,136,'Rhynchosia americana (Houst. ex Mill.) M.C. Metz',193,'Entire Room',2,'http://dummyimage.com/245x185.jpg/cc0000/ffffff'),
 (77,63,'Lepidium paysonii Rollins',52,'Entire Room',5,'http://dummyimage.com/168x212.bmp/5fa2dd/ffffff'),
 (78,109,'Dichanthelium linearifolium (Scribn. ex Nash) Gould',109,'Entire Room',2,'http://dummyimage.com/171x181.png/5fa2dd/ffffff'),
 (79,175,'Suksdorfia violacea A. Gray',33,'Entire Room',3,'http://dummyimage.com/168x208.png/ff4444/ffffff'),
 (80,189,'Eryngium heterophyllum Engelm.',70,'Private Room',2,'http://dummyimage.com/212x103.png/dddddd/000000'),
 (81,166,'Eriogonum arizonicum S. Stokes ex M.E. Jones',54,'Private Room',1,'http://dummyimage.com/125x148.bmp/cc0000/ffffff'),
 (82,94,'Anemone sylvestris L.',178,'Entire Room',3,'http://dummyimage.com/227x161.jpg/cc0000/ffffff'),
 (83,8,'Chrysophyllum argenteum Jacq.',183,'Private Room',3,'http://dummyimage.com/180x176.jpg/ff4444/ffffff'),
 (84,6,'Beta adanensis A. Pamukc. ex Aellen',139,'Private Room',5,'http://dummyimage.com/112x122.png/cc0000/ffffff'),
 (85,163,'Allium howellii Eastw. var. sanbenitense (Traub) Ownbey & Aase',182,'Entire Room',3,'http://dummyimage.com/134x249.bmp/cc0000/ffffff'),
 (86,51,'Avena abyssinica Hochst.',95,'Private Room',4,'http://dummyimage.com/123x147.bmp/dddddd/000000'),
 (87,131,'Eleocharis mutata (L.) Roem. & Schult.',12,'Private Room',5,'http://dummyimage.com/234x199.png/cc0000/ffffff'),
 (88,62,'Menegazzia A. Massal.',131,'Private Room',3,'http://dummyimage.com/159x213.png/dddddd/000000'),
 (89,40,'Trifolium scutatum Boiss.',40,'Private Room',1,'http://dummyimage.com/151x202.jpg/dddddd/000000'),
 (90,36,'Cladonia macroceras (Delise) Hav.',187,'Private Room',1,'http://dummyimage.com/130x113.png/dddddd/000000'),
 (91,182,'Drynaria quercifolia (L.) J. Sm.',163,'Private Room',1,'http://dummyimage.com/125x164.jpg/dddddd/000000'),
 (92,82,'Diplazium cristatum (Desr.) Alston',152,'Entire Room',3,'http://dummyimage.com/198x183.png/5fa2dd/ffffff'),
 (93,94,'Helianthus L.',72,'Entire Room',1,'http://dummyimage.com/115x225.png/dddddd/000000'),
 (94,72,'×Pucciphippsia vacillans (Th. Fr.) Tzvelev',27,'Entire Room',3,'http://dummyimage.com/226x173.jpg/cc0000/ffffff'),
 (95,177,'Rubus probus L.H. Bailey',85,'Private Room',5,'http://dummyimage.com/118x165.jpg/ff4444/ffffff'),
 (96,70,'Polygala L.',100,'Entire Room',4,'http://dummyimage.com/214x119.jpg/5fa2dd/ffffff'),
 (97,5,'Zanthoxylum punctatum Vahl',112,'Private Room',0,'http://dummyimage.com/141x212.jpg/5fa2dd/ffffff'),
 (98,193,'Leavenworthia Torr.',58,'Private Room',1,'http://dummyimage.com/227x113.jpg/5fa2dd/ffffff'),
 (99,187,'Galium mollugo L.',54,'Private Room',1,'http://dummyimage.com/117x107.png/dddddd/000000'),
 (100,53,'Ipomopsis macombii (Torr. ex A. Gray) V.E. Grant',103,'Entire Room',5,'http://dummyimage.com/125x151.png/ff4444/ffffff'),
 (101,175,'Calophyllum L.',40,'Entire Room',5,'http://dummyimage.com/186x238.png/ff4444/ffffff'),
 (102,153,'Celosia nitida Vahl',163,'Private Room',2,'http://dummyimage.com/199x218.jpg/5fa2dd/ffffff'),
 (103,3,'Eryngium pendletonensis K.L. Marsden & M.G. Simpson',154,'Private Room',5,'http://dummyimage.com/245x209.png/5fa2dd/ffffff'),
 (104,75,'Aleurites J.R. Forst. & G. Forst.',126,'Private Room',2,'http://dummyimage.com/161x161.png/dddddd/000000'),
 (105,49,'Allium denticulatum (Ownbey & Aase) McNeal',93,'Private Room',0,'http://dummyimage.com/113x162.bmp/dddddd/000000'),
 (106,16,'Townsendia jonesii (Beaman) Reveal',90,'Entire Room',3,'http://dummyimage.com/230x177.png/cc0000/ffffff'),
 (107,43,'Poa marcida Hitchc.',200,'Private Room',4,'http://dummyimage.com/114x174.png/5fa2dd/ffffff'),
 (108,53,'Pyrenula anomala (Ach.) Vain.',193,'Entire Room',3,'http://dummyimage.com/140x215.bmp/dddddd/000000'),
 (109,104,'Cinnamomum burmannii (Nees & Th. Nees) Nees ex Blume',166,'Entire Room',3,'http://dummyimage.com/167x164.png/cc0000/ffffff'),
 (110,79,'Sophora tomentosa L. var. littoralis (Schrad.) Benth.',9,'Private Room',5,'http://dummyimage.com/186x231.bmp/dddddd/000000'),
 (111,8,'Viola purpurea Kellogg ssp. integrifolia M.S. Baker & J.C. Clausen',161,'Entire Room',1,'http://dummyimage.com/212x181.png/5fa2dd/ffffff'),
 (112,182,'Anetium Splitg.',53,'Entire Room',5,'http://dummyimage.com/163x122.jpg/ff4444/ffffff'),
 (113,55,'Relicina eximbricata (Gyel.) Hale',61,'Entire Room',2,'http://dummyimage.com/102x137.bmp/5fa2dd/ffffff'),
 (114,182,'Sorghastrum elliottii (C. Mohr) Nash',173,'Entire Room',5,'http://dummyimage.com/216x151.jpg/cc0000/ffffff'),
 (115,174,'Halimolobos perplexa (L.F. Hend.) Rollins var. lemhiensis C.L. Hitchc.',17,'Entire Room',4,'http://dummyimage.com/222x188.jpg/ff4444/ffffff'),
 (116,71,'Oxytropis borealis DC. var. australis S.L. Welsh',142,'Private Room',2,'http://dummyimage.com/158x193.jpg/5fa2dd/ffffff'),
 (117,149,'Eriodictyon angustifolium Nutt.',103,'Private Room',0,'http://dummyimage.com/141x174.png/ff4444/ffffff'),
 (118,63,'Triphora surinamensis (Lindl.) Britton',121,'Private Room',4,'http://dummyimage.com/120x103.bmp/ff4444/ffffff'),
 (119,190,'Townsendia alpigena Piper var. caelilinensis (S.L. Welsh) Kartesz & Gandhi',124,'Entire Room',3,'http://dummyimage.com/212x103.jpg/dddddd/000000'),
 (120,62,'Lecanora glaucopsina Nyl.',69,'Entire Room',5,'http://dummyimage.com/112x205.png/5fa2dd/ffffff'),
 (121,60,'Grusonia grahamii (Engelm.) H. Rob.',151,'Entire Room',5,'http://dummyimage.com/210x130.bmp/cc0000/ffffff'),
 (122,69,'Pottia truncata (Hedw.) Fürnr.',52,'Entire Room',0,'http://dummyimage.com/246x211.bmp/ff4444/ffffff'),
 (123,73,'Ruellia caroliniensis (J.F. Gmel.) Steud.',109,'Entire Room',0,'http://dummyimage.com/193x223.png/ff4444/ffffff'),
 (124,115,'Triticum aestivum L.',168,'Entire Room',5,'http://dummyimage.com/105x210.png/cc0000/ffffff'),
 (125,9,'Antennaria howellii Greene ssp. petaloidea (Fernald) Bayer',46,'Private Room',5,'http://dummyimage.com/191x146.png/dddddd/000000'),
 (126,142,'Phlox drummondii Hook.',171,'Private Room',3,'http://dummyimage.com/107x133.png/cc0000/ffffff'),
 (127,86,'Lomatium cous (S. Watson) J.M. Coult. & Rose',75,'Entire Room',0,'http://dummyimage.com/194x168.png/dddddd/000000'),
 (128,135,'Carex echinata Murray',27,'Private Room',2,'http://dummyimage.com/188x156.bmp/ff4444/ffffff'),
 (129,43,'Baptisia ×sulphurea Engelm. (pro sp.)',119,'Entire Room',5,'http://dummyimage.com/189x217.jpg/cc0000/ffffff'),
 (130,30,'Melampyrum lineare Desr. var. latifolium Bart.',84,'Entire Room',2,'http://dummyimage.com/219x169.bmp/cc0000/ffffff'),
 (131,95,'Microtea portoricensis Urb.',175,'Entire Room',1,'http://dummyimage.com/225x147.bmp/cc0000/ffffff'),
 (132,54,'Carex raymondii Calder',145,'Entire Room',0,'http://dummyimage.com/109x188.png/dddddd/000000'),
 (133,170,'Potentilla pensylvanica L. var. litoralis (Rydb.) B. Boivin',116,'Entire Room',1,'http://dummyimage.com/205x183.bmp/dddddd/000000'),
 (134,12,'Ayenia pilosa Cristobal',161,'Entire Room',4,'http://dummyimage.com/114x168.jpg/ff4444/ffffff'),
 (135,91,'Dichanthelium scoparium (Lam.) Gould',171,'Private Room',4,'http://dummyimage.com/114x172.jpg/ff4444/ffffff'),
 (136,38,'Dryopteris ×brathaica Fraser-Jenkins & Reichstein',15,'Private Room',1,'http://dummyimage.com/180x202.jpg/dddddd/000000'),
 (137,87,'Hoheria A. Cunn.',138,'Entire Room',0,'http://dummyimage.com/202x234.jpg/cc0000/ffffff'),
 (138,152,'Phacelia crenulata Torr. ex S. Watson var. corrugata (A. Nelson) Brand',167,'Private Room',4,'http://dummyimage.com/183x169.bmp/5fa2dd/ffffff'),
 (139,97,'Euphorbia longicruris Scheele',20,'Entire Room',5,'http://dummyimage.com/140x167.jpg/5fa2dd/ffffff'),
 (140,93,'Galium schultesii Vest',194,'Entire Room',1,'http://dummyimage.com/150x100.jpg/dddddd/000000'),
 (141,80,'Hymenoxys ambigens (S.F. Blake) Bierner var. floribunda (A. Gray) W.L. Wagner',77,'Entire Room',3,'http://dummyimage.com/142x195.bmp/5fa2dd/ffffff'),
 (142,95,'Polygonum punctatum Elliott var. confertiflorum (Meisn.) Fassett',112,'Private Room',4,'http://dummyimage.com/109x242.jpg/cc0000/ffffff'),
 (143,90,'Eriogonum nudum Douglas ex Benth. var. decurrens (S. Stokes) M.L. Bowerman',23,'Private Room',4,'http://dummyimage.com/199x103.jpg/5fa2dd/ffffff'),
 (144,148,'Agave sisalana Perrine',54,'Private Room',1,'http://dummyimage.com/179x111.jpg/ff4444/ffffff'),
 (145,8,'Quercus ×beckyae Gaynor',151,'Private Room',4,'http://dummyimage.com/237x155.png/dddddd/000000'),
 (146,89,'Astragalus subcinereus A. Gray',200,'Private Room',5,'http://dummyimage.com/154x138.bmp/ff4444/ffffff'),
 (147,27,'Allium allegheniense Small',174,'Private Room',4,'http://dummyimage.com/158x247.jpg/dddddd/000000'),
 (148,61,'Ranunculus eschscholtzii Schltdl. var. trisectus (Eastw.) L.D. Benson',110,'Private Room',3,'http://dummyimage.com/108x194.bmp/cc0000/ffffff'),
 (149,30,'Eucalyptus glaucescens Maiden & Blakely',175,'Private Room',0,'http://dummyimage.com/164x246.bmp/dddddd/000000'),
 (150,42,'Selaginella eatonii Hieron. ex Small',189,'Entire Room',3,'http://dummyimage.com/189x153.jpg/ff4444/ffffff'),
 (151,153,'Eschscholzia Cham.',74,'Entire Room',3,'http://dummyimage.com/151x237.jpg/5fa2dd/ffffff'),
 (152,42,'Fothergilla gardenii L.',138,'Private Room',0,'http://dummyimage.com/101x243.png/dddddd/000000'),
 (153,192,'Quararibea Aubl.',12,'Entire Room',5,'http://dummyimage.com/136x233.png/dddddd/000000'),
 (154,183,'Lecidea crisima Nyl.',169,'Private Room',5,'http://dummyimage.com/110x228.jpg/cc0000/ffffff'),
 (155,36,'Draba lemmonii S. Watson',163,'Entire Room',5,'http://dummyimage.com/216x173.bmp/5fa2dd/ffffff'),
 (156,196,'Luzula orestera Sharsm.',66,'Entire Room',5,'http://dummyimage.com/204x233.jpg/dddddd/000000'),
 (157,97,'Hedeoma costata A. Gray var. pulchella (Greene) Irving',192,'Entire Room',5,'http://dummyimage.com/142x216.bmp/dddddd/000000'),
 (158,133,'Penstemon glaber Pursh var. glaber',180,'Entire Room',1,'http://dummyimage.com/159x199.jpg/5fa2dd/ffffff'),
 (159,135,'Camissonia hilgardii (Greene) P.H. Raven',169,'Private Room',3,'http://dummyimage.com/118x159.png/cc0000/ffffff'),
 (160,25,'Streptanthus Nutt.',163,'Entire Room',4,'http://dummyimage.com/171x160.bmp/ff4444/ffffff'),
 (161,183,'Chaenothecopsis pusilla (Ach.) A.F.W. Schmidt',179,'Entire Room',5,'http://dummyimage.com/192x154.bmp/cc0000/ffffff'),
 (162,189,'Houttuynia cordata Thunb.',24,'Entire Room',0,'http://dummyimage.com/245x133.png/ff4444/ffffff'),
 (163,90,'Melaleuca wilsonii F. Muell.',89,'Entire Room',5,'http://dummyimage.com/160x168.png/5fa2dd/ffffff'),
 (164,150,'Erythronium propullans A. Gray',31,'Private Room',3,'http://dummyimage.com/106x162.jpg/dddddd/000000'),
 (165,181,'Carex elynoides T. Holm',32,'Private Room',1,'http://dummyimage.com/237x138.jpg/5fa2dd/ffffff'),
 (166,53,'Eriogonum umbellatum Torr. var. subaridum S. Stokes',180,'Private Room',3,'http://dummyimage.com/241x156.bmp/5fa2dd/ffffff'),
 (167,9,'Cuscuta fasciculata Yunck.',43,'Entire Room',4,'http://dummyimage.com/158x239.png/cc0000/ffffff'),
 (168,55,'Usnea ciliifera Mot.',85,'Entire Room',1,'http://dummyimage.com/239x205.png/cc0000/ffffff'),
 (169,36,'Saxifraga bronchialis L. ssp. austromontana (Wiegand) Piper',19,'Private Room',5,'http://dummyimage.com/216x114.png/ff4444/ffffff'),
 (170,185,'Thelypteris reptans (J.F. Gmel.) Morton var. reptans',182,'Entire Room',3,'http://dummyimage.com/218x168.png/5fa2dd/ffffff'),
 (171,180,'Sisyrinchium angustifolium Mill.',118,'Private Room',3,'http://dummyimage.com/153x177.jpg/ff4444/ffffff'),
 (172,96,'Grusonia pulchella (Engelm.) H. Rob.',94,'Entire Room',1,'http://dummyimage.com/206x243.bmp/cc0000/ffffff'),
 (173,133,'Crataegus ×immanis Ashe (pro sp.)',150,'Private Room',0,'http://dummyimage.com/209x221.jpg/ff4444/ffffff'),
 (174,5,'Eragrostis parviflora (R. Br.) Trin.',94,'Private Room',4,'http://dummyimage.com/153x178.jpg/dddddd/000000'),
 (175,9,'Hypolepis tenerrima Maxon',156,'Private Room',1,'http://dummyimage.com/200x119.jpg/cc0000/ffffff'),
 (176,145,'Argyrochosma dealbata (Pursh) Windham',189,'Private Room',3,'http://dummyimage.com/192x148.bmp/5fa2dd/ffffff'),
 (177,191,'Cassiope lycopodioides (Pall.) D. Don var. lycopodioides',156,'Entire Room',0,'http://dummyimage.com/212x121.bmp/5fa2dd/ffffff'),
 (178,155,'Plagiomnium carolinianum (L.E. Anderson) T. Kop.',32,'Private Room',1,'http://dummyimage.com/146x126.bmp/5fa2dd/ffffff'),
 (179,113,'Collema cristatum (L.) F.H. Wigg.',198,'Private Room',3,'http://dummyimage.com/177x170.jpg/5fa2dd/ffffff'),
 (180,50,'Erythrochlamys Guerke',137,'Entire Room',3,'http://dummyimage.com/161x107.png/5fa2dd/ffffff'),
 (181,32,'Fuscidea praeruptorum (Du Rietz & H. Magn.) V. Wirth & Vezda',21,'Private Room',5,'http://dummyimage.com/222x115.jpg/dddddd/000000'),
 (182,48,'Utricularia racemosa Wall.',115,'Private Room',1,'http://dummyimage.com/162x239.bmp/ff4444/ffffff'),
 (183,108,'Cryptantha excavata Brandegee',180,'Entire Room',3,'http://dummyimage.com/130x191.png/cc0000/ffffff'),
 (184,186,'Cicuta maculata L. var. maculata',145,'Entire Room',2,'http://dummyimage.com/159x183.png/ff4444/ffffff'),
 (185,148,'Lecanora lividolutea Rasanen',66,'Entire Room',4,'http://dummyimage.com/220x103.png/ff4444/ffffff'),
 (186,109,'Pycnothelia papillaria Ehrh.) L.M. Dufour',186,'Private Room',2,'http://dummyimage.com/172x152.bmp/5fa2dd/ffffff'),
 (187,11,'Silene italica (L.) Pers. ssp. nemoralis (Waldst. & Kit.) Nyman',72,'Private Room',2,'http://dummyimage.com/145x167.bmp/ff4444/ffffff'),
 (188,110,'Dudleya saxosa (M.E. Jones) Britton & Rose ssp. aloides (Rose) Moran',116,'Private Room',3,'http://dummyimage.com/158x245.png/5fa2dd/ffffff'),
 (189,107,'Pyrenula santensis (Eschw.) Müll. Arg.',84,'Private Room',4,'http://dummyimage.com/240x168.jpg/ff4444/ffffff'),
 (190,2,'Hieracium scouleri Hook. var. nudicaule (A. Gray) Cronquist',65,'Private Room',0,'http://dummyimage.com/130x151.png/dddddd/000000'),
 (191,146,'Copaifera langsdorffii Desf.',135,'Private Room',4,'http://dummyimage.com/223x247.bmp/cc0000/ffffff'),
 (192,174,'Gomphrena sonorae Torr.',167,'Entire Room',2,'http://dummyimage.com/148x187.png/ff4444/ffffff'),
 (193,50,'Saxifraga nidifica Greene',58,'Private Room',0,'http://dummyimage.com/189x106.bmp/dddddd/000000'),
 (194,101,'Achillea alpina L.',94,'Private Room',0,'http://dummyimage.com/242x197.png/cc0000/ffffff'),
 (195,188,'Aspicilia alboradiata (H. Magn.) Oksner',59,'Entire Room',0,'http://dummyimage.com/187x122.jpg/cc0000/ffffff'),
 (196,166,'Arthonia melaspora Tuck.',197,'Entire Room',3,'http://dummyimage.com/107x247.jpg/5fa2dd/ffffff'),
 (197,22,'Arabis microphylla Nutt.',176,'Entire Room',1,'http://dummyimage.com/146x247.png/cc0000/ffffff'),
 (198,20,'Scleropodium obtusifolium (A. Jaeger) Kindb.',160,'Entire Room',0,'http://dummyimage.com/213x158.bmp/dddddd/000000'),
 (199,98,'Chamaedorea seifrizii Burret',174,'Private Room',5,'http://dummyimage.com/132x212.bmp/ff4444/ffffff'),
 (200,18,'Crinum asiaticum L.',37,'Entire Room',4,'http://dummyimage.com/146x131.png/5fa2dd/ffffff'),
 (201,181,'Seligeria brevifolia (Lindb.) Lindb.',184,'Private Room',2,'http://dummyimage.com/144x112.bmp/ff4444/ffffff'),
 (202,116,'Symphyotrichum foliaceum (Lindl. ex DC.) G.L. Nesom',65,'Private Room',5,'http://dummyimage.com/166x189.png/5fa2dd/ffffff'),
 (203,80,'Acalypha ostryifolia Riddell',107,'Entire Room',2,'http://dummyimage.com/185x247.jpg/dddddd/000000'),
 (204,48,'Taxus cuspidata Siebold & Zucc.',141,'Entire Room',1,'http://dummyimage.com/222x205.bmp/ff4444/ffffff'),
 (205,58,'Tillandsia balbisiana Schult. & Schult. f.',180,'Entire Room',2,'http://dummyimage.com/182x203.jpg/5fa2dd/ffffff'),
 (206,138,'Rhizomnium glabrescens (Kindb.) T. Kop.',195,'Private Room',4,'http://dummyimage.com/219x119.bmp/ff4444/ffffff'),
 (207,9,'Camissonia cheiranthifolia (Hornem. ex Spreng.) Raimann',134,'Entire Room',0,'http://dummyimage.com/203x205.png/5fa2dd/ffffff'),
 (208,38,'Poa confinis Vasey',187,'Entire Room',1,'http://dummyimage.com/126x170.png/cc0000/ffffff'),
 (209,84,'Phlox speciosa Pursh ssp. occidentalis (Durand ex Torr.) Wherry',168,'Entire Room',1,'http://dummyimage.com/156x231.jpg/cc0000/ffffff'),
 (210,76,'Hieracium rusbyi Greene',45,'Entire Room',0,'http://dummyimage.com/115x237.png/dddddd/000000'),
 (211,150,'Guilleminea densa (Humb. & Bonpl. ex Schult.) Moq. var. densa',52,'Entire Room',2,'http://dummyimage.com/245x170.jpg/cc0000/ffffff'),
 (212,181,'Thelypteris simulata (Davenport) Nieuwl.',143,'Private Room',0,'http://dummyimage.com/164x101.bmp/ff4444/ffffff'),
 (213,146,'Passiflora bryonioides Kunth',122,'Entire Room',1,'http://dummyimage.com/249x110.bmp/5fa2dd/ffffff'),
 (214,121,'Quercus georgiana M.A. Curtis',53,'Private Room',5,'http://dummyimage.com/101x173.jpg/ff4444/ffffff'),
 (215,115,'Lasiacis grisebachii (Nash) Hitchc.',187,'Private Room',5,'http://dummyimage.com/237x141.png/dddddd/000000'),
 (216,158,'Polemonium chartaceum H. Mason',105,'Private Room',2,'http://dummyimage.com/111x250.jpg/cc0000/ffffff'),
 (217,143,'Agalinis maritima (Raf.) Raf.',24,'Entire Room',3,'http://dummyimage.com/122x101.png/ff4444/ffffff'),
 (218,199,'Potentilla ovina Macoun ex J.M. Macoun',176,'Entire Room',2,'http://dummyimage.com/174x117.bmp/ff4444/ffffff'),
 (219,86,'Lecanora gangaleoides Nyl.',12,'Entire Room',3,'http://dummyimage.com/154x110.png/5fa2dd/ffffff'),
 (220,106,'Silene suecica (Lodd.) Greuter & Burdet',98,'Private Room',1,'http://dummyimage.com/123x202.jpg/dddddd/000000'),
 (222,143,'Croton pottsii (Klotzsch) Müll. Arg. var. thermophilus (M.C. Johnst.) M.C. Johnst.',82,'Private Room',3,'http://dummyimage.com/223x236.bmp/5fa2dd/ffffff'),
 (223,158,'Episcia Mart.',188,'Entire Room',4,'http://dummyimage.com/217x222.png/ff4444/ffffff'),
 (224,97,'Phacelia minutissima L.F. Hend.',137,'Entire Room',1,'http://dummyimage.com/136x143.jpg/ff4444/ffffff'),
 (225,84,'Primula ×polyantha Mill. (pro sp.)',132,'Private Room',5,'http://dummyimage.com/137x223.bmp/dddddd/000000'),
 (226,152,'Chrysanthemum arcticum L. ssp. polare Hultén',83,'Private Room',2,'http://dummyimage.com/106x239.png/cc0000/ffffff'),
 (227,196,'Brodiaea stellaris S. Watson',18,'Entire Room',4,'http://dummyimage.com/233x121.png/cc0000/ffffff'),
 (228,2,'Crepis vesicaria L.',94,'Private Room',0,'http://dummyimage.com/114x169.png/ff4444/ffffff'),
 (229,42,'Cymopterus jonesii J.M. Coult. & Rose',28,'Entire Room',5,'http://dummyimage.com/243x120.png/ff4444/ffffff'),
 (230,34,'Sanicula smallii E.P. Bicknell',76,'Private Room',0,'http://dummyimage.com/204x201.bmp/cc0000/ffffff'),
 (231,112,'Lathrocasis tenerrima (A. Gray) L.A. Johnson',43,'Private Room',1,'http://dummyimage.com/143x169.png/5fa2dd/ffffff'),
 (232,118,'Ivesia arizonica (Eastw. ex J.T. Howell) Ertter var. arizonica',40,'Private Room',0,'http://dummyimage.com/237x231.png/dddddd/000000'),
 (233,125,'Isocoma acradenia (Greene) Greene var. bracteosa (Greene) G.L. Nesom',111,'Entire Room',4,'http://dummyimage.com/242x180.png/ff4444/ffffff'),
 (234,180,'Stuckenia striata (Ruiz & Pav.) Holub',137,'Entire Room',5,'http://dummyimage.com/184x162.png/cc0000/ffffff'),
 (235,31,'Caesalpinia pulcherrima (L.) Sw.',126,'Entire Room',4,'http://dummyimage.com/222x217.jpg/ff4444/ffffff'),
 (236,16,'Tamarix canariensis Willd.',170,'Private Room',3,'http://dummyimage.com/101x222.bmp/cc0000/ffffff'),
 (237,195,'Spathodea campanulata P. Beauv.',3,'Private Room',0,'http://dummyimage.com/151x202.png/5fa2dd/ffffff'),
 (238,117,'Solanum diphyllum L.',48,'Private Room',0,'http://dummyimage.com/160x143.bmp/dddddd/000000'),
 (239,55,'Collomia grandiflora Douglas ex Lindl.',191,'Private Room',2,'http://dummyimage.com/248x115.jpg/ff4444/ffffff'),
 (240,46,'Manihot grahamii Hook.',47,'Private Room',0,'http://dummyimage.com/224x188.png/5fa2dd/ffffff'),
 (241,54,'Cleome lutea Hook. var. lutea',147,'Entire Room',0,'http://dummyimage.com/218x173.png/5fa2dd/ffffff'),
 (242,172,'Descurainia pinnata (Walter) Britton ssp. glabra (Wooton & Standl.) Detling',23,'Private Room',3,'http://dummyimage.com/202x108.jpg/dddddd/000000'),
 (243,164,'Smilax pulverulenta Michx.',1,'Private Room',3,'http://dummyimage.com/149x237.jpg/ff4444/ffffff'),
 (244,117,'Silene occidentalis S. Watson ssp. longistipitata C.L. Hitchc. & Maguire',20,'Entire Room',3,'http://dummyimage.com/222x238.bmp/dddddd/000000'),
 (245,75,'Plagiobothrys scouleri (Hook. & Arn.) I.M. Johnst.',6,'Entire Room',0,'http://dummyimage.com/190x246.bmp/5fa2dd/ffffff'),
 (246,40,'Campylopus surinamensis Müll. Hal.',110,'Entire Room',0,'http://dummyimage.com/187x227.png/dddddd/000000'),
 (247,8,'Lotus oblongifolius (Benth.) Greene var. oblongifolius',108,'Entire Room',1,'http://dummyimage.com/176x220.bmp/dddddd/000000'),
 (248,176,'Lupinus densiflorus Benth. var. lacteus (Kellogg) C.P. Sm.',67,'Entire Room',3,'http://dummyimage.com/147x199.bmp/ff4444/ffffff'),
 (249,119,'Lecidea humilis Lowe',196,'Private Room',4,'http://dummyimage.com/233x159.bmp/cc0000/ffffff'),
 (250,154,'Lepidium integrifolium Nutt. var. heterophyllum S. Watson',111,'Private Room',1,'http://dummyimage.com/195x156.png/dddddd/000000'),
 (251,140,'Rubus pensilvanicus Poir.',110,'Private Room',0,'http://dummyimage.com/145x204.jpg/dddddd/000000'),
 (252,132,'Hymenophyllum lanceolatum Hook. & Arn.',10,'Entire Room',3,'http://dummyimage.com/169x172.bmp/cc0000/ffffff'),
 (253,181,'Buellia nantiana de Lesd.',32,'Private Room',4,'http://dummyimage.com/124x145.bmp/ff4444/ffffff'),
 (254,73,'Sporastatia A. Massal.',120,'Entire Room',4,'http://dummyimage.com/244x137.jpg/ff4444/ffffff'),
 (255,164,'Piptocoma Cass.',101,'Entire Room',1,'http://dummyimage.com/111x139.png/dddddd/000000'),
 (257,130,'Hymenoxys lapidicola S.L. Welsh & Neese, nom. inq.',1,'Entire Room',0,'http://dummyimage.com/228x240.bmp/ff4444/ffffff'),
 (258,87,'Streptocarpus ×hybridus Voss',76,'Entire Room',4,'http://dummyimage.com/195x228.png/5fa2dd/ffffff'),
 (259,13,'Daucus carota L. var. sativus Hoffm.',199,'Entire Room',4,'http://dummyimage.com/249x207.jpg/cc0000/ffffff'),
 (260,171,'Euphorbia chapmanii Oudejans, nom. inq.',157,'Private Room',0,'http://dummyimage.com/135x193.jpg/5fa2dd/ffffff'),
 (261,80,'Yermo Dorn',40,'Private Room',0,'http://dummyimage.com/108x144.jpg/cc0000/ffffff'),
 (262,32,'Thelypteris serrata (Cav.) Alston',71,'Entire Room',2,'http://dummyimage.com/246x129.jpg/cc0000/ffffff'),
 (263,112,'Balsamorhiza ×terebinthacea (Hook.) Nutt. (pro sp.)',44,'Entire Room',3,'http://dummyimage.com/228x210.bmp/cc0000/ffffff'),
 (264,96,'Pittosporum ralphii Kirk',59,'Entire Room',3,'http://dummyimage.com/103x222.png/5fa2dd/ffffff'),
 (265,167,'Psychotria L.',135,'Private Room',4,'http://dummyimage.com/189x167.jpg/dddddd/000000'),
 (266,194,'Atriplex alaskensis S. Watson',9,'Private Room',5,'http://dummyimage.com/173x237.jpg/dddddd/000000'),
 (267,58,'Pectocarya DC. ex Meisn.',107,'Entire Room',4,'http://dummyimage.com/157x209.bmp/dddddd/000000'),
 (268,59,'Glandularia tumidula (L.M. Perry) Umber',134,'Private Room',1,'http://dummyimage.com/217x210.png/5fa2dd/ffffff'),
 (269,143,'Phacelia campanularia A. Gray ssp. vasiformis G.W. Gillett',126,'Entire Room',1,'http://dummyimage.com/180x147.jpg/5fa2dd/ffffff'),
 (270,84,'Adenostoma sparsifolium Torr.',19,'Entire Room',2,'http://dummyimage.com/106x115.png/ff4444/ffffff'),
 (271,134,'Rorippa alpina (S. Watson) Rydb.',193,'Private Room',3,'http://dummyimage.com/142x111.jpg/ff4444/ffffff'),
 (272,197,'Arnica chamissonis Less. ssp. foliosa (Nutt.) Maguire',195,'Entire Room',5,'http://dummyimage.com/168x163.bmp/dddddd/000000'),
 (273,123,'Cyperus hypopitys G. Tucker',152,'Private Room',4,'http://dummyimage.com/175x188.png/5fa2dd/ffffff'),
 (274,105,'Buellia capitis-regnum W.A. Weber',12,'Entire Room',4,'http://dummyimage.com/121x230.jpg/ff4444/ffffff'),
 (275,135,'Ambrosia trifida L. var. trifida',79,'Private Room',4,'http://dummyimage.com/104x244.bmp/5fa2dd/ffffff'),
 (276,121,'Dichanthium sericeum (R. Br.) A. Camus',29,'Private Room',5,'http://dummyimage.com/133x167.bmp/cc0000/ffffff'),
 (277,62,'Melicope ovalis (H. St. John) T.G. Hartley & B.C. Stone',182,'Entire Room',1,'http://dummyimage.com/133x136.jpg/5fa2dd/ffffff'),
 (278,58,'Bryoria furcellata (Fr.) Brodo & D. Hawksw.',158,'Entire Room',4,'http://dummyimage.com/225x247.bmp/dddddd/000000'),
 (279,37,'Astragalus newberryi A. Gray var. escalantinus Barneby',145,'Entire Room',0,'http://dummyimage.com/161x249.bmp/dddddd/000000'),
 (280,67,'Oxalis L.',50,'Private Room',3,'http://dummyimage.com/193x229.jpg/cc0000/ffffff'),
 (281,92,'Bituminaria Heist. ex Fabr.',2,'Private Room',0,'http://dummyimage.com/189x143.png/cc0000/ffffff'),
 (282,134,'Lesquerella alpina (Nutt.) S. Watson var. alpina',82,'Private Room',0,'http://dummyimage.com/162x131.bmp/cc0000/ffffff'),
 (283,10,'Cannabis sativa L. ssp. indica (Lam.) E. Small & Cronquist',200,'Entire Room',4,'http://dummyimage.com/232x139.png/ff4444/ffffff'),
 (284,125,'Sclerocarpus africanus Jacq.',146,'Entire Room',4,'http://dummyimage.com/207x129.png/5fa2dd/ffffff'),
 (285,198,'Anulocaulis leiosolenus (Torr.) Standl. var. howardii Spellenb. & Wootten',10,'Private Room',1,'http://dummyimage.com/221x113.png/ff4444/ffffff'),
 (286,82,'Olearia allomii T. Kirk',146,'Entire Room',2,'http://dummyimage.com/104x221.png/ff4444/ffffff'),
 (287,112,'Opuntia ×rooneyi M.P. Griff.',118,'Private Room',2,'http://dummyimage.com/176x148.png/5fa2dd/ffffff'),
 (288,82,'Laburnum Medik.',186,'Private Room',4,'http://dummyimage.com/143x208.png/cc0000/ffffff'),
 (289,106,'×Pseudelymus Barkworth & D.R. Dewey',55,'Private Room',2,'http://dummyimage.com/140x146.bmp/dddddd/000000'),
 (290,167,'Eriogonum leptocladon Torr. & A. Gray var. leptocladon',160,'Private Room',0,'http://dummyimage.com/247x162.bmp/5fa2dd/ffffff'),
 (291,125,'Carex turbinata Liebm.',104,'Private Room',0,'http://dummyimage.com/181x129.png/5fa2dd/ffffff'),
 (292,177,'Pyracantha fortuneana (Maxim.) Li',135,'Private Room',0,'http://dummyimage.com/111x109.bmp/dddddd/000000'),
 (293,135,'Arctostaphylos rainbowensis J.E. Keeley & A. Massihi',136,'Entire Room',2,'http://dummyimage.com/203x230.bmp/5fa2dd/ffffff'),
 (294,22,'Chaenactis artemisiifolia (Harv. & A. Gray ex A. Gray) A. Gray',101,'Private Room',3,'http://dummyimage.com/169x137.png/ff4444/ffffff'),
 (295,53,'Sanicula hoffmannii (Munz) Shan & Constance (pro hybr.)',147,'Private Room',1,'http://dummyimage.com/192x124.jpg/5fa2dd/ffffff'),
 (296,5,'Madia subspicata D.D. Keck',182,'Entire Room',5,'http://dummyimage.com/233x125.jpg/dddddd/000000'),
 (297,189,'Eryngium hookeri Walp.',184,'Entire Room',5,'http://dummyimage.com/166x108.bmp/ff4444/ffffff'),
 (298,55,'Pyxine petricola Nyl.',86,'Private Room',2,'http://dummyimage.com/165x206.png/5fa2dd/ffffff'),
 (299,171,'Caloplaca quercicola H. Magn.',51,'Private Room',2,'http://dummyimage.com/150x106.bmp/cc0000/ffffff'),
 (300,196,'Cirsium osterhoutii (Rydb.) Petr.',154,'Private Room',3,'http://dummyimage.com/181x203.png/ff4444/ffffff'),
 (301,117,'Polemonium carneum A. Gray',117,'Private Room',2,'http://dummyimage.com/216x214.bmp/cc0000/ffffff'),
 (302,39,'Cyphelium tigillare (Ach.) Ach.',171,'Private Room',5,'http://dummyimage.com/150x233.bmp/dddddd/000000'),
 (303,114,'Ceanothus cordulatus Kellogg',71,'Entire Room',3,'http://dummyimage.com/174x148.jpg/cc0000/ffffff'),
 (304,94,'Callisia ornata (Small) G. Tucker',80,'Entire Room',3,'http://dummyimage.com/187x221.bmp/cc0000/ffffff'),
 (305,124,'Poa abbreviata R. Br. ssp. abbreviata',153,'Private Room',4,'http://dummyimage.com/110x213.png/cc0000/ffffff'),
 (306,199,'Lecanora fuscescens (Sommerf.) Nyl.',139,'Entire Room',5,'http://dummyimage.com/132x196.png/ff4444/ffffff'),
 (307,50,'Dracocephalum thymiflorum L.',175,'Entire Room',3,'http://dummyimage.com/117x152.bmp/dddddd/000000'),
 (308,146,'Aponogeton L. f.',82,'Private Room',2,'http://dummyimage.com/102x187.bmp/ff4444/ffffff'),
 (309,47,'Atriplex cinerea Poir.',183,'Entire Room',0,'http://dummyimage.com/209x180.png/cc0000/ffffff'),
 (310,65,'Sisyrinchium idahoense E.P. Bicknell var. macounii (E.P. Bicknell) Douglass M. Hend.',9,'Private Room',1,'http://dummyimage.com/143x164.png/dddddd/000000'),
 (311,142,'Cibotium nealiae O. Deg.',148,'Entire Room',1,'http://dummyimage.com/190x145.jpg/cc0000/ffffff'),
 (312,70,'Neoregelia L.B. Sm.',3,'Private Room',5,'http://dummyimage.com/166x139.bmp/ff4444/ffffff'),
 (313,18,'Phlox pilosa L.',192,'Private Room',5,'http://dummyimage.com/174x172.png/cc0000/ffffff'),
 (314,175,'Helianthus niveus (Benth.) Brandegee ssp. tephrodes (A. Gray) Heiser',97,'Entire Room',4,'http://dummyimage.com/236x209.png/dddddd/000000'),
 (315,88,'Trichostomopsis Cardot',80,'Entire Room',0,'http://dummyimage.com/130x213.bmp/5fa2dd/ffffff'),
 (316,160,'Velezia rigida L.',32,'Entire Room',4,'http://dummyimage.com/151x140.png/5fa2dd/ffffff'),
 (317,30,'Acidanthera Hochst.',101,'Entire Room',4,'http://dummyimage.com/117x156.bmp/ff4444/ffffff'),
 (318,96,'Graphis glaucescens Fée',138,'Private Room',2,'http://dummyimage.com/133x143.jpg/cc0000/ffffff'),
 (319,54,'Sisyrinchium angustifolium Mill.',44,'Private Room',1,'http://dummyimage.com/155x155.jpg/ff4444/ffffff'),
 (320,157,'Aspicilia anseris (Lynge) J.W. Thomson',17,'Entire Room',5,'http://dummyimage.com/141x163.bmp/dddddd/000000'),
 (321,182,'Phacelia parishii A. Gray',178,'Private Room',3,'http://dummyimage.com/229x189.jpg/dddddd/000000'),
 (322,141,'Tetraplasandra gymnocarpa (Hillebr.) Sherff',139,'Entire Room',3,'http://dummyimage.com/184x134.jpg/5fa2dd/ffffff'),
 (323,174,'Homalotheciella subcapillata (Hedw.) Broth.',148,'Private Room',3,'http://dummyimage.com/230x200.jpg/dddddd/000000'),
 (324,33,'Hesperevax sparsiflora (A. Gray) Greene var. sparsiflora',52,'Private Room',3,'http://dummyimage.com/184x132.jpg/5fa2dd/ffffff'),
 (325,161,'Populus ×parryi Sarg.',50,'Private Room',4,'http://dummyimage.com/169x143.bmp/ff4444/ffffff'),
 (326,70,'Arabis sparsiflora Nutt. var. subvillosa (S. Watson) Rollins',134,'Private Room',3,'http://dummyimage.com/198x216.bmp/dddddd/000000'),
 (327,112,'Acanthus syriacus Boiss.',147,'Entire Room',1,'http://dummyimage.com/198x218.jpg/cc0000/ffffff'),
 (328,112,'Tortula Hedw.',191,'Private Room',0,'http://dummyimage.com/184x163.png/cc0000/ffffff'),
 (329,74,'Dryopteris crinalis (Hook. & Arn.) C. Chr.',110,'Private Room',3,'http://dummyimage.com/215x153.jpg/dddddd/000000'),
 (330,14,'Priva Adans.',146,'Private Room',0,'http://dummyimage.com/247x223.png/cc0000/ffffff'),
 (331,179,'Condalia correllii M.C. Johnst.',163,'Entire Room',5,'http://dummyimage.com/112x168.png/cc0000/ffffff'),
 (332,139,'Chamaesyce celastroides (Boiss.) Croizat & O. Deg. var. stokesii (Forbes) O. Deg. & I. Deg.',178,'Private Room',3,'http://dummyimage.com/182x143.jpg/cc0000/ffffff'),
 (333,189,'Landolphia heudelotii A. DC.',38,'Private Room',5,'http://dummyimage.com/135x188.bmp/dddddd/000000'),
 (334,137,'Garcinia hessii (Britton) Alain',98,'Entire Room',1,'http://dummyimage.com/201x106.bmp/dddddd/000000'),
 (335,117,'Jacquinia umbellata A. DC.',107,'Entire Room',5,'http://dummyimage.com/165x248.bmp/cc0000/ffffff'),
 (336,139,'Streptanthus tortuosus Kellogg var. flavescens Jeps.',114,'Private Room',3,'http://dummyimage.com/241x165.jpg/cc0000/ffffff'),
 (337,128,'Cynanchum rossicum (Kleopow) Borhidi',28,'Private Room',1,'http://dummyimage.com/213x209.png/5fa2dd/ffffff'),
 (338,69,'Pycnanthemum Michx.',38,'Private Room',4,'http://dummyimage.com/212x182.png/ff4444/ffffff'),
 (339,144,'Eucalyptus propinqua H. Deane & Maiden',157,'Private Room',5,'http://dummyimage.com/185x173.png/5fa2dd/ffffff'),
 (340,176,'Erigeron howellii A. Gray',7,'Entire Room',1,'http://dummyimage.com/165x152.png/cc0000/ffffff'),
 (341,163,'Sanicula laciniata Hook. & Arn.',42,'Private Room',1,'http://dummyimage.com/140x194.jpg/ff4444/ffffff'),
 (342,149,'Sisyrinchium elmeri Greene',122,'Entire Room',5,'http://dummyimage.com/232x139.bmp/ff4444/ffffff'),
 (343,108,'Medicago ruthenica (L.) Trautv.',128,'Private Room',1,'http://dummyimage.com/239x155.jpg/5fa2dd/ffffff'),
 (344,118,'Asclepias viridiflora Raf.',174,'Entire Room',5,'http://dummyimage.com/202x103.bmp/5fa2dd/ffffff'),
 (345,101,'Salsola kali L. ssp. kali',91,'Entire Room',4,'http://dummyimage.com/223x148.png/cc0000/ffffff'),
 (346,61,'Anacolia menziesii (Turner) Par.',3,'Entire Room',2,'http://dummyimage.com/176x222.bmp/dddddd/000000'),
 (347,55,'Eragrostis atrovirens (Desv.) Trin. ex Steud.',122,'Entire Room',1,'http://dummyimage.com/167x229.png/dddddd/000000'),
 (348,174,'Cyanea angustifolia (Cham.) Hillebr.',105,'Entire Room',3,'http://dummyimage.com/225x112.bmp/5fa2dd/ffffff'),
 (349,87,'Phacelia humilis Torr. & A. Gray var. dudleyi J.T. Howell',167,'Private Room',5,'http://dummyimage.com/183x189.jpg/cc0000/ffffff'),
 (350,119,'Douglasia laevigata A. Gray var. laevigata',142,'Entire Room',1,'http://dummyimage.com/164x198.png/dddddd/000000'),
 (351,164,'Festuca occidentalis Hook.',147,'Entire Room',4,'http://dummyimage.com/146x148.jpg/cc0000/ffffff'),
 (352,146,'Rubus centralis L.H. Bailey',31,'Private Room',1,'http://dummyimage.com/103x185.bmp/cc0000/ffffff'),
 (353,125,'Stenotaphrum Trin.',80,'Entire Room',1,'http://dummyimage.com/140x119.bmp/5fa2dd/ffffff'),
 (354,111,'Setaria barbata (Lam.) Kunth',199,'Private Room',2,'http://dummyimage.com/113x147.png/dddddd/000000'),
 (355,159,'Pyrola asarifolia Michx. ssp. asarifolia',5,'Entire Room',2,'http://dummyimage.com/181x111.png/dddddd/000000'),
 (356,48,'Usnea trichodea Ach.',176,'Private Room',2,'http://dummyimage.com/209x217.bmp/dddddd/000000'),
 (357,145,'Euphorbia palmeri Engelm. ex S. Watson',147,'Entire Room',0,'http://dummyimage.com/240x223.png/ff4444/ffffff'),
 (358,160,'Selaginella tenella (P. Beauv.) Spring',164,'Entire Room',0,'http://dummyimage.com/105x123.bmp/cc0000/ffffff'),
 (359,169,'Porpidia soredizodes (Lamy ex Nyl.) J.R. Laundon',164,'Entire Room',5,'http://dummyimage.com/124x217.jpg/dddddd/000000'),
 (360,50,'Platanthera blephariglottis (Willd.) Lindl. var. blephariglottis',93,'Private Room',1,'http://dummyimage.com/107x155.jpg/5fa2dd/ffffff'),
 (361,174,'Heterotheca rutteri (Rothr.) Shinners',62,'Entire Room',1,'http://dummyimage.com/232x126.png/5fa2dd/ffffff'),
 (362,189,'Diplazium molokaiense W.J. Rob.',32,'Entire Room',5,'http://dummyimage.com/174x129.jpg/cc0000/ffffff'),
 (363,176,'Keteleeria Carrière',41,'Private Room',5,'http://dummyimage.com/167x130.bmp/dddddd/000000'),
 (364,140,'Eriogonum rixfordii S. Stokes',38,'Private Room',0,'http://dummyimage.com/247x148.jpg/ff4444/ffffff'),
 (365,69,'Photinia davidiana (Decne.) Cardot',199,'Private Room',1,'http://dummyimage.com/184x144.png/dddddd/000000'),
 (366,72,'Oenothera primiveris A. Gray ssp. primiveris',113,'Private Room',0,'http://dummyimage.com/216x173.bmp/ff4444/ffffff'),
 (367,128,'Erysimum insulare Greene',44,'Private Room',5,'http://dummyimage.com/155x121.bmp/5fa2dd/ffffff'),
 (368,68,'Aulacomnium turgidum (Wahlenb.) Schwägr.',157,'Entire Room',3,'http://dummyimage.com/134x214.jpg/ff4444/ffffff'),
 (369,11,'Laportea interrupta (L.) Chew',177,'Private Room',5,'http://dummyimage.com/208x229.jpg/dddddd/000000'),
 (370,60,'Pottia (Rchb.) Fürnr.',113,'Entire Room',3,'http://dummyimage.com/107x230.jpg/dddddd/000000'),
 (371,65,'Castilleja cusickii Greenm.',82,'Private Room',2,'http://dummyimage.com/184x225.png/ff4444/ffffff'),
 (372,168,'Solanum umbelliferum Eschsch. var. umbelliferum',110,'Private Room',3,'http://dummyimage.com/140x139.png/dddddd/000000'),
 (373,80,'Solidago arguta Aiton var. arguta',146,'Entire Room',5,'http://dummyimage.com/130x124.bmp/5fa2dd/ffffff'),
 (374,172,'Anthemis tinctoria L.',161,'Private Room',1,'http://dummyimage.com/198x195.png/ff4444/ffffff'),
 (375,120,'Silene regia Sims',108,'Entire Room',0,'http://dummyimage.com/246x175.bmp/dddddd/000000'),
 (376,32,'Phacelia douglasii (Benth.) Torr.',63,'Private Room',3,'http://dummyimage.com/102x101.bmp/ff4444/ffffff'),
 (377,189,'Berberis sargentiana C.K. Snied.',72,'Entire Room',1,'http://dummyimage.com/121x217.jpg/ff4444/ffffff'),
 (378,125,'Gayophytum racemosum Torr. & A. Gray',118,'Entire Room',2,'http://dummyimage.com/223x111.png/5fa2dd/ffffff'),
 (379,16,'Coreopsis nuecensoides E.B. Sm.',5,'Private Room',0,'http://dummyimage.com/182x121.bmp/cc0000/ffffff'),
 (380,94,'Eragrostis leptophylla Hitchc.',65,'Private Room',4,'http://dummyimage.com/113x134.bmp/cc0000/ffffff'),
 (381,153,'Prunus serotina Ehrh.',184,'Private Room',1,'http://dummyimage.com/147x192.png/cc0000/ffffff'),
 (382,63,'Hymenoxys bigelovii (A. Gray) K.F. Parker',165,'Entire Room',1,'http://dummyimage.com/159x205.bmp/5fa2dd/ffffff'),
 (383,123,'Salix herbacea L.',22,'Entire Room',5,'http://dummyimage.com/233x242.bmp/cc0000/ffffff'),
 (384,136,'Astragalus trichopodus (Nutt.) A. Gray var. phoxus (M.E. Jones) Barneby',69,'Private Room',3,'http://dummyimage.com/247x137.jpg/ff4444/ffffff'),
 (385,70,'Lecidea alpestris Sommerf.',63,'Private Room',1,'http://dummyimage.com/125x125.bmp/5fa2dd/ffffff'),
 (386,110,'Physalis angulata L.',50,'Private Room',0,'http://dummyimage.com/234x186.png/ff4444/ffffff'),
 (387,89,'Petunia integrifolia (Hook.) Schinz & Thell.',16,'Entire Room',2,'http://dummyimage.com/124x170.bmp/5fa2dd/ffffff'),
 (388,79,'Eragrostis deflexa Hitchc.',185,'Entire Room',1,'http://dummyimage.com/201x171.png/ff4444/ffffff'),
 (389,3,'Senecio amplectens A. Gray var. amplectens',165,'Private Room',5,'http://dummyimage.com/113x182.jpg/cc0000/ffffff'),
 (390,171,'Gomphillus americanus Essl.',98,'Private Room',4,'http://dummyimage.com/156x158.png/dddddd/000000'),
 (391,167,'Genistidium dumosum I.M. Johnst.',12,'Private Room',4,'http://dummyimage.com/111x246.png/5fa2dd/ffffff'),
 (392,96,'Cirsium nuttallii DC.',79,'Entire Room',2,'http://dummyimage.com/104x118.jpg/5fa2dd/ffffff'),
 (393,16,'Drepanocladus capillifolius (Warnst.) Warnst.',198,'Private Room',1,'http://dummyimage.com/163x190.bmp/cc0000/ffffff'),
 (394,71,'Geum rossii (R. Br.) Ser.',31,'Private Room',4,'http://dummyimage.com/195x149.jpg/dddddd/000000'),
 (395,47,'Tillandsia fasciculata Sw. var. densispica Mez',84,'Entire Room',4,'http://dummyimage.com/157x106.jpg/ff4444/ffffff'),
 (396,32,'Eriogonum atrorubens Engelm.',19,'Entire Room',0,'http://dummyimage.com/194x238.bmp/ff4444/ffffff'),
 (397,136,'Leptochloa decipiens (R. Br.) Stapf ex Maiden ssp. peacockii (Maiden & Betche) N. Snow',37,'Entire Room',3,'http://dummyimage.com/177x180.jpg/dddddd/000000'),
 (398,181,'Primula nutans Georgi',172,'Entire Room',0,'http://dummyimage.com/161x141.png/5fa2dd/ffffff'),
 (399,18,'Juncus saximontanus A. Nelson',166,'Private Room',2,'http://dummyimage.com/192x198.png/dddddd/000000'),
 (400,29,'Gouania vitifolia A. Gray',102,'Private Room',1,'http://dummyimage.com/180x121.png/ff4444/ffffff'),
 (401,171,'Nerisyrenia linearifolia (S. Watson) Greene',3,'Entire Room',0,'http://dummyimage.com/147x200.jpg/5fa2dd/ffffff'),
 (402,175,'Alocasia macrorrhizos (L.) G. Don',68,'Private Room',3,'http://dummyimage.com/109x122.jpg/ff4444/ffffff'),
 (403,48,'Sairocarpus pusillus (Brandegee) D.A. Sutton',28,'Private Room',4,'http://dummyimage.com/247x194.jpg/5fa2dd/ffffff'),
 (404,8,'Sidalcea malviflora (DC.) A. Gray ex Benth. ssp. malviflora',158,'Private Room',3,'http://dummyimage.com/250x204.png/cc0000/ffffff'),
 (405,95,'Pedicularis sylvatica L.',33,'Private Room',2,'http://dummyimage.com/187x249.png/5fa2dd/ffffff'),
 (406,63,'Matelea biflora (Raf.) Woodson',46,'Private Room',0,'http://dummyimage.com/139x248.png/dddddd/000000'),
 (407,164,'Eatonella nivea (D.C. Eaton) A. Gray',191,'Private Room',4,'http://dummyimage.com/221x237.jpg/dddddd/000000'),
 (409,42,'Ptilimnium nuttallii (DC.) Britton',155,'Entire Room',1,'http://dummyimage.com/228x145.bmp/ff4444/ffffff'),
 (410,59,'Turnera diffusa Willd. ex Schult. var. diffusa',97,'Entire Room',4,'http://dummyimage.com/166x142.bmp/5fa2dd/ffffff'),
 (411,92,'Cladonia rei Schaerer',24,'Private Room',3,'http://dummyimage.com/141x110.bmp/cc0000/ffffff'),
 (412,149,'Lespedeza virgata (Thunb.) DC.',182,'Private Room',0,'http://dummyimage.com/126x237.bmp/ff4444/ffffff'),
 (413,57,'Tectona grandis L. f.',97,'Entire Room',0,'http://dummyimage.com/103x236.png/cc0000/ffffff'),
 (414,102,'Parrya R. Br.',92,'Private Room',4,'http://dummyimage.com/205x170.jpg/ff4444/ffffff'),
 (415,137,'Astragalus conjunctus S. Watson var. conjunctus',122,'Private Room',4,'http://dummyimage.com/225x229.png/ff4444/ffffff'),
 (416,6,'Clinopodium vulgare L.',114,'Entire Room',5,'http://dummyimage.com/198x138.jpg/5fa2dd/ffffff'),
 (417,102,'Astragalus andersonii A. Gray',1,'Private Room',0,'http://dummyimage.com/138x246.png/ff4444/ffffff'),
 (418,67,'Erigeron compositus Pursh',144,'Entire Room',3,'http://dummyimage.com/191x102.jpg/ff4444/ffffff'),
 (419,115,'Heuchera ×cuneata Howell (pro sp.)',169,'Private Room',4,'http://dummyimage.com/106x181.jpg/cc0000/ffffff'),
 (420,19,'Spiranthes longilabris Lindl.',41,'Private Room',5,'http://dummyimage.com/201x131.jpg/dddddd/000000'),
 (421,67,'Spermacoce latifolia Aubl.',157,'Entire Room',1,'http://dummyimage.com/233x131.png/ff4444/ffffff'),
 (422,133,'Populus ×brayshawii B. Boivin',192,'Entire Room',2,'http://dummyimage.com/144x132.bmp/5fa2dd/ffffff'),
 (423,76,'Penstemon azureus Benth. ssp. azureus',148,'Private Room',2,'http://dummyimage.com/114x104.jpg/cc0000/ffffff'),
 (424,6,'Desmodium arizonicum S. Watson',67,'Entire Room',4,'http://dummyimage.com/187x153.png/dddddd/000000'),
 (425,129,'Crepis elegans Hook.',139,'Private Room',2,'http://dummyimage.com/168x111.jpg/dddddd/000000'),
 (426,35,'Corallorhiza odontorhiza (Willd.) Poir. var. pringlei (Greenm.) Freudenstein',174,'Entire Room',1,'http://dummyimage.com/135x232.png/ff4444/ffffff'),
 (427,124,'Varicellaria Nyl.',3,'Private Room',4,'http://dummyimage.com/139x186.png/dddddd/000000'),
 (428,129,'Carex mitchelliana M.A. Curtis',24,'Entire Room',0,'http://dummyimage.com/150x170.bmp/cc0000/ffffff'),
 (429,138,'Dicranum bonjeanii De Not.',123,'Private Room',0,'http://dummyimage.com/247x176.bmp/5fa2dd/ffffff'),
 (430,196,'Lobelia anatina E. Wimm.',154,'Entire Room',3,'http://dummyimage.com/203x145.png/ff4444/ffffff'),
 (431,2,'Iliamna longisepala (Torr.) Wiggins',52,'Entire Room',0,'http://dummyimage.com/131x212.bmp/cc0000/ffffff'),
 (432,67,'Clematis crispa L.',125,'Entire Room',3,'http://dummyimage.com/207x249.png/ff4444/ffffff'),
 (433,157,'Brachythecium fendleri (Sull.) A. Jaeger',153,'Private Room',5,'http://dummyimage.com/197x123.bmp/5fa2dd/ffffff'),
 (434,43,'Convolvulus pilosellifolius Desr.',143,'Entire Room',3,'http://dummyimage.com/174x185.jpg/cc0000/ffffff'),
 (435,138,'Gymnadenia conopsea (L.) R. Br.',180,'Entire Room',5,'http://dummyimage.com/162x135.png/5fa2dd/ffffff'),
 (436,141,'Lapsanastrum J.K. Pak & K. Bremer',135,'Entire Room',4,'http://dummyimage.com/240x221.png/dddddd/000000'),
 (437,166,'Pseudocalliergon turgescens (T. Jensen) Loeske',151,'Entire Room',0,'http://dummyimage.com/193x148.bmp/cc0000/ffffff'),
 (438,32,'Lespedeza hirta (L.) Hornem. ssp. curtissii Clewell',80,'Private Room',5,'http://dummyimage.com/229x227.jpg/ff4444/ffffff'),
 (439,119,'Erigeron vetensis Rydb.',149,'Private Room',1,'http://dummyimage.com/246x250.jpg/cc0000/ffffff'),
 (440,20,'Phaeorrhiza nimbosa (Fr.) H. Mayrh. & Poelt',56,'Private Room',0,'http://dummyimage.com/165x190.png/ff4444/ffffff'),
 (441,151,'Nassella trichotoma (Nees) Hack.',1,'Entire Room',0,'http://dummyimage.com/162x237.bmp/cc0000/ffffff'),
 (442,25,'Frankenia jamesii Torr. ex A. Gray',49,'Private Room',2,'http://dummyimage.com/222x160.jpg/dddddd/000000'),
 (443,196,'Epilobium obscurum Schreb.',14,'Private Room',5,'http://dummyimage.com/126x104.jpg/5fa2dd/ffffff'),
 (444,11,'Populus ×berolinensis C. Koch',165,'Private Room',1,'http://dummyimage.com/232x157.bmp/5fa2dd/ffffff'),
 (445,179,'Eriogonum umbellatum Torr. var. bahiiforme (Torr. & A. Gray) Jeps.',41,'Entire Room',4,'http://dummyimage.com/106x206.png/dddddd/000000'),
 (446,29,'Dicerandra cornutissima R.B. Huck',8,'Private Room',1,'http://dummyimage.com/239x178.png/5fa2dd/ffffff'),
 (447,116,'Achyranthes aspera L. var. aspera',114,'Private Room',2,'http://dummyimage.com/111x208.png/dddddd/000000'),
 (448,174,'Mentzelia decapetala (Pursh ex Sims) Urb. & Gilg ex Gilg',175,'Entire Room',1,'http://dummyimage.com/203x171.jpg/dddddd/000000'),
 (449,86,'Pelargonium ×domesticum L.H. Bailey (pro sp.)',141,'Entire Room',0,'http://dummyimage.com/226x187.jpg/cc0000/ffffff'),
 (450,189,'Castilleja Mutis ex L. f.',52,'Private Room',1,'http://dummyimage.com/127x131.jpg/5fa2dd/ffffff'),
 (451,39,'Nemacladus pinnatifidus Greene',99,'Private Room',0,'http://dummyimage.com/186x120.bmp/cc0000/ffffff'),
 (452,93,'Crepis bakeri Greene',147,'Private Room',2,'http://dummyimage.com/147x200.png/cc0000/ffffff'),
 (453,194,'Tillandsia balbisiana Schult. & Schult. f.',28,'Entire Room',1,'http://dummyimage.com/200x111.png/cc0000/ffffff'),
 (454,149,'Clarkia gracilis (Piper) A. Nelson & J.F. Macbr. ssp. albicaulis (Jeps.) F.H. Lewis & M.E. Lewis',68,'Private Room',2,'http://dummyimage.com/209x183.bmp/ff4444/ffffff'),
 (455,46,'Pteris vittata L.',121,'Private Room',5,'http://dummyimage.com/170x142.jpg/ff4444/ffffff'),
 (456,12,'Schoenocaulon A. Gray',99,'Entire Room',0,'http://dummyimage.com/121x113.png/5fa2dd/ffffff'),
 (457,106,'Adlumia fungosa (Aiton) Greene ex Britton, Sterns & Poggenb.',150,'Entire Room',1,'http://dummyimage.com/110x120.jpg/5fa2dd/ffffff'),
 (458,54,'Solanum capsicoides All.',100,'Private Room',0,'http://dummyimage.com/212x101.bmp/ff4444/ffffff'),
 (459,52,'Festuca hawaiiensis Hitchc.',99,'Entire Room',4,'http://dummyimage.com/182x118.png/ff4444/ffffff'),
 (460,96,'Phlox pilosa L. ssp. ozarkana (Wherry) Wherry',76,'Private Room',4,'http://dummyimage.com/164x132.jpg/ff4444/ffffff'),
 (461,153,'Haplohymenium triste (Ces.) Kindb.',137,'Private Room',5,'http://dummyimage.com/103x131.bmp/dddddd/000000'),
 (462,105,'Schizaea pusilla Pursh',152,'Private Room',0,'http://dummyimage.com/137x183.png/5fa2dd/ffffff'),
 (463,30,'Wyethia arizonica A. Gray',82,'Entire Room',0,'http://dummyimage.com/152x129.png/dddddd/000000'),
 (464,45,'Adiantum macrophyllum Sw.',47,'Entire Room',3,'http://dummyimage.com/123x176.jpg/ff4444/ffffff'),
 (465,53,'Lupinus formosus Greene',32,'Private Room',4,'http://dummyimage.com/192x106.png/5fa2dd/ffffff'),
 (466,185,'Allium bolanderi S. Watson var. mirabile (L.F. Hend.) McNeal',158,'Entire Room',3,'http://dummyimage.com/143x120.jpg/ff4444/ffffff'),
 (467,175,'Lycopodiella inundata (L.) Holub',92,'Entire Room',1,'http://dummyimage.com/125x148.jpg/dddddd/000000'),
 (468,85,'Polemonium boreale M.F. Adams',103,'Private Room',4,'http://dummyimage.com/131x101.png/dddddd/000000'),
 (469,37,'Graptophyllum Nees',94,'Entire Room',4,'http://dummyimage.com/214x106.jpg/5fa2dd/ffffff'),
 (470,16,'Lupinus argenteus Pursh ssp. moabensis D. Dunn & Harmon',104,'Entire Room',2,'http://dummyimage.com/105x165.jpg/ff4444/ffffff'),
 (472,177,'Stephanomeria exigua Nutt. ssp. macrocarpa Gottlieb',193,'Private Room',3,'http://dummyimage.com/224x187.png/cc0000/ffffff'),
 (473,140,'Parmelia omphalodes (L.) Ach.',102,'Entire Room',4,'http://dummyimage.com/136x245.jpg/5fa2dd/ffffff'),
 (474,105,'Lythrum maritimum Kunth',140,'Private Room',1,'http://dummyimage.com/230x214.bmp/ff4444/ffffff'),
 (475,3,'Crotalaria cunninghamii R. Br.',173,'Private Room',0,'http://dummyimage.com/207x233.bmp/5fa2dd/ffffff'),
 (476,199,'Hibiscus furcellatus Lam. var. youngianus (Gaudich. ex Hook. & Arn.) Hochr.',69,'Entire Room',3,'http://dummyimage.com/201x176.bmp/5fa2dd/ffffff'),
 (477,88,'Laportea aestuans (L.) Chew',15,'Entire Room',1,'http://dummyimage.com/196x155.jpg/cc0000/ffffff'),
 (478,116,'Hymenelia Krempelh.',152,'Private Room',4,'http://dummyimage.com/221x207.bmp/5fa2dd/ffffff'),
 (479,188,'Stevia plummerae A. Gray var. alba A. Gray',75,'Entire Room',5,'http://dummyimage.com/191x154.png/cc0000/ffffff'),
 (480,115,'Rebutia K. Schum.',8,'Entire Room',1,'http://dummyimage.com/122x126.jpg/ff4444/ffffff'),
 (481,159,'Piptocoma Cass.',38,'Entire Room',3,'http://dummyimage.com/248x245.jpg/dddddd/000000'),
 (482,140,'Sidalcea hickmanii Greene ssp. parishii (B.L. Rob.) C.L. Hitchc.',138,'Private Room',3,'http://dummyimage.com/222x139.bmp/dddddd/000000'),
 (483,185,'Douglasia nivalis Lindl. var. dentata (S. Watson) A. Gray',151,'Private Room',5,'http://dummyimage.com/162x237.jpg/ff4444/ffffff'),
 (484,187,'Thymus praecox Opiz ssp. arcticus (Durand) Jalas',87,'Private Room',2,'http://dummyimage.com/130x116.bmp/5fa2dd/ffffff'),
 (485,11,'Cyrtandra ×kahanaensis H. St. John & Storey (pro sp.)',34,'Entire Room',4,'http://dummyimage.com/140x240.jpg/cc0000/ffffff'),
 (486,92,'Potentilla argentea L. var. argentea',167,'Private Room',5,'http://dummyimage.com/250x158.jpg/cc0000/ffffff'),
 (487,98,'Sorghastrum Nash',54,'Private Room',3,'http://dummyimage.com/228x163.bmp/cc0000/ffffff'),
 (488,129,'Leptosiphon floribundum (A. Gray) J.M. Porter & L.A. Johnson ssp. hallii (Jeps.) J.M. Porter & L.A. Johnson',65,'Private Room',5,'http://dummyimage.com/170x193.bmp/cc0000/ffffff'),
 (489,192,'Eriogonum desertorum (Maguire) R.J. Davis',110,'Entire Room',0,'http://dummyimage.com/248x172.png/dddddd/000000'),
 (490,8,'Dodecatheon conjugens Greene',77,'Private Room',5,'http://dummyimage.com/110x225.png/cc0000/ffffff'),
 (491,109,'Jatropha gossypiifolia L.',184,'Private Room',0,'http://dummyimage.com/201x141.jpg/5fa2dd/ffffff'),
 (492,23,'Chorizanthe biloba Goodman var. immemora Reveal & Hardham',55,'Entire Room',3,'http://dummyimage.com/206x129.bmp/cc0000/ffffff'),
 (493,152,'Usnea florida (L.) F.H. Wigg.',1,'Private Room',3,'http://dummyimage.com/155x219.png/cc0000/ffffff'),
 (494,158,'Palicourea guianensis Aubl.',12,'Private Room',2,'http://dummyimage.com/191x158.jpg/ff4444/ffffff'),
 (495,91,'Eriogonum ovalifolium Nutt. var. ovalifolium',140,'Private Room',2,'http://dummyimage.com/159x234.jpg/dddddd/000000'),
 (496,52,'Malacothrix glabrata (A. Gray ex D.C. Eaton) A. Gray',178,'Private Room',2,'http://dummyimage.com/123x130.bmp/cc0000/ffffff'),
 (497,16,'Hypochaeris brasiliensis (Less.) Benth. & Hook. ex Griseb. var. tweediei (Hook. & Arn.) Baker',8,'Entire Room',0,'http://dummyimage.com/105x229.bmp/dddddd/000000'),
 (498,30,'Yucca baileyi Wooton & Standl. var. intermedia (McKelvey) Reveal',110,'Entire Room',2,'http://dummyimage.com/163x246.jpg/5fa2dd/ffffff'),
 (499,41,'Pediomelum verdiense S.L. Welsh & Licher',117,'Entire Room',0,'http://dummyimage.com/141x190.jpg/cc0000/ffffff'),
 (503,219,'New listing',NULL,NULL,5,NULL),
 (504,240,'Pea Plant',NULL,NULL,5,NULL);
INSERT INTO "Reviews" ("reviewid","listingid","content") VALUES (1,259,'Maecenas pulvinar lobortis est. Phasellus sit amet erat. Nulla tempus.'),
 (2,412,'Cum sociis natoque penatibus et magnis dis parturient montes, nascetur ridiculus mus. Etiam vel augue. Vestibulum rutrum rutrum neque.'),
 (3,237,'Cum sociis natoque penatibus et magnis dis parturient montes, nascetur ridiculus mus. Etiam vel augue. Vestibulum rutrum rutrum neque. Aenean auctor gravida sem. Praesent id massa id nisl venenatis lacinia. Aenean sit amet justo. Morbi ut odio. Cras mi pede, malesuada in, imperdiet et, commodo vulputate, justo.'),
 (4,485,'Pellentesque at nulla. Suspendisse potenti.'),
 (5,28,'Suspendisse potenti. In eleifend quam a odio. In hac habitasse platea dictumst. Maecenas ut massa quis augue luctus tincidunt. Nulla mollis molestie lorem.'),
 (6,465,'Curabitur gravida nisi at nibh. In hac habitasse platea dictumst. Aliquam augue quam, sollicitudin vitae, consectetuer eget, rutrum at, lorem.'),
 (7,13,'Praesent id massa id nisl venenatis lacinia.'),
 (8,377,'In hac habitasse platea dictumst. Etiam faucibus cursus urna.'),
 (9,183,'Nulla ac enim. In tempor, turpis nec euismod scelerisque, quam turpis adipiscing lorem, vitae mattis nibh ligula nec sem. Duis aliquam convallis nunc. Proin at turpis a pede posuere nonummy. Integer non velit.'),
 (10,250,'Etiam faucibus cursus urna.'),
 (11,195,'Suspendisse ornare consequat lectus. In est risus, auctor sed, tristique in, tempus sit amet, sem.'),
 (12,486,'Vestibulum quam sapien, varius ut, blandit non, interdum in, ante. Vestibulum ante ipsum primis in faucibus orci luctus et ultrices posuere cubilia Curae; Duis faucibus accumsan odio. Curabitur convallis. Duis consequat dui nec nisi volutpat eleifend. Donec ut dolor. Morbi vel lectus in quam fringilla rhoncus. Mauris enim leo, rhoncus sed, vestibulum sit amet, cursus id, turpis.'),
 (13,410,'Pellentesque at nulla. Suspendisse potenti. Cras in purus eu magna vulputate luctus. Cum sociis natoque penatibus et magnis dis parturient montes, nascetur ridiculus mus. Vivamus vestibulum sagittis sapien. Cum sociis natoque penatibus et magnis dis parturient montes, nascetur ridiculus mus. Etiam vel augue.'),
 (14,137,'Integer aliquet, massa id lobortis convallis, tortor risus dapibus augue, vel accumsan tellus nisi eu orci. Mauris lacinia sapien quis libero. Nullam sit amet turpis elementum ligula vehicula consequat. Morbi a ipsum. Integer a nibh. In quis justo. Maecenas rhoncus aliquam lacus. Morbi quis tortor id nulla ultrices aliquet. Maecenas leo odio, condimentum id, luctus nec, molestie sed, justo. Pellentesque viverra pede ac diam.'),
 (15,369,'Lorem ipsum dolor sit amet, consectetuer adipiscing elit. Proin risus. Praesent lectus. Vestibulum quam sapien, varius ut, blandit non, interdum in, ante. Vestibulum ante ipsum primis in faucibus orci luctus et ultrices posuere cubilia Curae; Duis faucibus accumsan odio. Curabitur convallis. Duis consequat dui nec nisi volutpat eleifend. Donec ut dolor. Morbi vel lectus in quam fringilla rhoncus. Mauris enim leo, rhoncus sed, vestibulum sit amet, cursus id, turpis.'),
 (16,320,'In quis justo. Maecenas rhoncus aliquam lacus. Morbi quis tortor id nulla ultrices aliquet. Maecenas leo odio, condimentum id, luctus nec, molestie sed, justo. Pellentesque viverra pede ac diam. Cras pellentesque volutpat dui. Maecenas tristique, est et tempus semper, est quam pharetra magna, ac consequat metus sapien ut nunc. Vestibulum ante ipsum primis in faucibus orci luctus et ultrices posuere cubilia Curae; Mauris viverra diam vitae quam.'),
 (17,123,'Curabitur at ipsum ac tellus semper interdum. Mauris ullamcorper purus sit amet nulla.'),
 (18,400,'Integer aliquet, massa id lobortis convallis, tortor risus dapibus augue, vel accumsan tellus nisi eu orci. Mauris lacinia sapien quis libero. Nullam sit amet turpis elementum ligula vehicula consequat.'),
 (19,267,'Suspendisse ornare consequat lectus. In est risus, auctor sed, tristique in, tempus sit amet, sem. Fusce consequat. Nulla nisl. Nunc nisl. Duis bibendum, felis sed interdum venenatis, turpis enim blandit mi, in porttitor pede justo eu massa. Donec dapibus. Duis at velit eu est congue elementum. In hac habitasse platea dictumst.'),
 (20,401,'Nulla nisl. Nunc nisl. Duis bibendum, felis sed interdum venenatis, turpis enim blandit mi, in porttitor pede justo eu massa.'),
 (21,385,'In hac habitasse platea dictumst. Maecenas ut massa quis augue luctus tincidunt. Nulla mollis molestie lorem. Quisque ut erat. Curabitur gravida nisi at nibh. In hac habitasse platea dictumst. Aliquam augue quam, sollicitudin vitae, consectetuer eget, rutrum at, lorem. Integer tincidunt ante vel ipsum. Praesent blandit lacinia erat.'),
 (22,321,'Vestibulum quam sapien, varius ut, blandit non, interdum in, ante. Vestibulum ante ipsum primis in faucibus orci luctus et ultrices posuere cubilia Curae; Duis faucibus accumsan odio. Curabitur convallis. Duis consequat dui nec nisi volutpat eleifend.'),
 (23,361,'Fusce consequat. Nulla nisl. Nunc nisl. Duis bibendum, felis sed interdum venenatis, turpis enim blandit mi, in porttitor pede justo eu massa. Donec dapibus. Duis at velit eu est congue elementum.'),
 (24,419,'Cras mi pede, malesuada in, imperdiet et, commodo vulputate, justo. In blandit ultrices enim. Lorem ipsum dolor sit amet, consectetuer adipiscing elit. Proin interdum mauris non ligula pellentesque ultrices. Phasellus id sapien in sapien iaculis congue. Vivamus metus arcu, adipiscing molestie, hendrerit at, vulputate vitae, nisl. Aenean lectus. Pellentesque eget nunc. Donec quis orci eget orci vehicula condimentum.'),
 (25,285,'Morbi sem mauris, laoreet ut, rhoncus aliquet, pulvinar sed, nisl. Nunc rhoncus dui vel sem. Sed sagittis. Nam congue, risus semper porta volutpat, quam pede lobortis ligula, sit amet eleifend pede libero quis orci. Nullam molestie nibh in lectus. Pellentesque at nulla.'),
 (26,340,'Integer ac leo. Pellentesque ultrices mattis odio. Donec vitae nisi. Nam ultrices, libero non mattis pulvinar, nulla pede ullamcorper augue, a suscipit nulla elit ac nulla. Sed vel enim sit amet nunc viverra dapibus.'),
 (27,6,'Maecenas rhoncus aliquam lacus. Morbi quis tortor id nulla ultrices aliquet.'),
 (28,66,'In est risus, auctor sed, tristique in, tempus sit amet, sem. Fusce consequat. Nulla nisl. Nunc nisl. Duis bibendum, felis sed interdum venenatis, turpis enim blandit mi, in porttitor pede justo eu massa. Donec dapibus. Duis at velit eu est congue elementum.'),
 (29,345,'In est risus, auctor sed, tristique in, tempus sit amet, sem. Fusce consequat. Nulla nisl. Nunc nisl. Duis bibendum, felis sed interdum venenatis, turpis enim blandit mi, in porttitor pede justo eu massa. Donec dapibus.'),
 (30,140,'Donec ut dolor.'),
 (31,409,'Pellentesque at nulla. Suspendisse potenti.'),
 (32,209,'Maecenas pulvinar lobortis est. Phasellus sit amet erat. Nulla tempus. Vivamus in felis eu sapien cursus vestibulum. Proin eu mi. Nulla ac enim.'),
 (33,81,'Vivamus vel nulla eget eros elementum pellentesque.'),
 (34,171,'Aliquam augue quam, sollicitudin vitae, consectetuer eget, rutrum at, lorem. Integer tincidunt ante vel ipsum. Praesent blandit lacinia erat. Vestibulum sed magna at nunc commodo placerat. Praesent blandit. Nam nulla. Integer pede justo, lacinia eget, tincidunt eget, tempus vel, pede.'),
 (35,378,'Integer ac leo. Pellentesque ultrices mattis odio. Donec vitae nisi. Nam ultrices, libero non mattis pulvinar, nulla pede ullamcorper augue, a suscipit nulla elit ac nulla. Sed vel enim sit amet nunc viverra dapibus. Nulla suscipit ligula in lacus. Curabitur at ipsum ac tellus semper interdum.'),
 (36,111,'Morbi vel lectus in quam fringilla rhoncus.'),
 (37,499,'Praesent lectus. Vestibulum quam sapien, varius ut, blandit non, interdum in, ante. Vestibulum ante ipsum primis in faucibus orci luctus et ultrices posuere cubilia Curae; Duis faucibus accumsan odio. Curabitur convallis. Duis consequat dui nec nisi volutpat eleifend. Donec ut dolor. Morbi vel lectus in quam fringilla rhoncus. Mauris enim leo, rhoncus sed, vestibulum sit amet, cursus id, turpis. Integer aliquet, massa id lobortis convallis, tortor risus dapibus augue, vel accumsan tellus nisi eu orci. Mauris lacinia sapien quis libero.'),
 (38,418,'In blandit ultrices enim.'),
 (39,144,'Nunc rhoncus dui vel sem. Sed sagittis. Nam congue, risus semper porta volutpat, quam pede lobortis ligula, sit amet eleifend pede libero quis orci.'),
 (40,2,'Etiam faucibus cursus urna. Ut tellus. Nulla ut erat id mauris vulputate elementum. Nullam varius. Nulla facilisi. Cras non velit nec nisi vulputate nonummy. Maecenas tincidunt lacus at velit.'),
 (41,294,'Suspendisse ornare consequat lectus. In est risus, auctor sed, tristique in, tempus sit amet, sem. Fusce consequat. Nulla nisl. Nunc nisl. Duis bibendum, felis sed interdum venenatis, turpis enim blandit mi, in porttitor pede justo eu massa. Donec dapibus. Duis at velit eu est congue elementum. In hac habitasse platea dictumst. Morbi vestibulum, velit id pretium iaculis, diam erat fermentum justo, nec condimentum neque sapien placerat ante.'),
 (42,102,'In eleifend quam a odio. In hac habitasse platea dictumst. Maecenas ut massa quis augue luctus tincidunt. Nulla mollis molestie lorem. Quisque ut erat. Curabitur gravida nisi at nibh.'),
 (43,190,'Integer ac leo. Pellentesque ultrices mattis odio. Donec vitae nisi. Nam ultrices, libero non mattis pulvinar, nulla pede ullamcorper augue, a suscipit nulla elit ac nulla. Sed vel enim sit amet nunc viverra dapibus.'),
 (44,257,'Vestibulum ante ipsum primis in faucibus orci luctus et ultrices posuere cubilia Curae; Nulla dapibus dolor vel est. Donec odio justo, sollicitudin ut, suscipit a, feugiat et, eros. Vestibulum ac est lacinia nisi venenatis tristique. Fusce congue, diam id ornare imperdiet, sapien urna pretium nisl, ut volutpat sapien arcu sed augue. Aliquam erat volutpat. In congue. Etiam justo. Etiam pretium iaculis justo. In hac habitasse platea dictumst.'),
 (45,120,'Phasellus sit amet erat. Nulla tempus. Vivamus in felis eu sapien cursus vestibulum. Proin eu mi. Nulla ac enim. In tempor, turpis nec euismod scelerisque, quam turpis adipiscing lorem, vitae mattis nibh ligula nec sem. Duis aliquam convallis nunc. Proin at turpis a pede posuere nonummy.'),
 (46,332,'Nulla nisl. Nunc nisl. Duis bibendum, felis sed interdum venenatis, turpis enim blandit mi, in porttitor pede justo eu massa. Donec dapibus. Duis at velit eu est congue elementum. In hac habitasse platea dictumst. Morbi vestibulum, velit id pretium iaculis, diam erat fermentum justo, nec condimentum neque sapien placerat ante.'),
 (47,275,'Quisque erat eros, viverra eget, congue eget, semper rutrum, nulla. Nunc purus.'),
 (48,486,'Donec posuere metus vitae ipsum. Aliquam non mauris. Morbi non lectus. Aliquam sit amet diam in magna bibendum imperdiet. Nullam orci pede, venenatis non, sodales sed, tincidunt eu, felis. Fusce posuere felis sed lacus. Morbi sem mauris, laoreet ut, rhoncus aliquet, pulvinar sed, nisl. Nunc rhoncus dui vel sem. Sed sagittis.'),
 (49,183,'Cras mi pede, malesuada in, imperdiet et, commodo vulputate, justo. In blandit ultrices enim. Lorem ipsum dolor sit amet, consectetuer adipiscing elit. Proin interdum mauris non ligula pellentesque ultrices. Phasellus id sapien in sapien iaculis congue. Vivamus metus arcu, adipiscing molestie, hendrerit at, vulputate vitae, nisl. Aenean lectus. Pellentesque eget nunc.'),
 (50,224,'Maecenas tristique, est et tempus semper, est quam pharetra magna, ac consequat metus sapien ut nunc. Vestibulum ante ipsum primis in faucibus orci luctus et ultrices posuere cubilia Curae; Mauris viverra diam vitae quam. Suspendisse potenti. Nullam porttitor lacus at turpis. Donec posuere metus vitae ipsum. Aliquam non mauris. Morbi non lectus. Aliquam sit amet diam in magna bibendum imperdiet.'),
 (51,31,'Integer non velit. Donec diam neque, vestibulum eget, vulputate ut, ultrices vel, augue. Vestibulum ante ipsum primis in faucibus orci luctus et ultrices posuere cubilia Curae; Donec pharetra, magna vestibulum aliquet ultrices, erat tortor sollicitudin mi, sit amet lobortis sapien sapien non mi. Integer ac neque.'),
 (52,291,'Integer pede justo, lacinia eget, tincidunt eget, tempus vel, pede. Morbi porttitor lorem id ligula. Suspendisse ornare consequat lectus. In est risus, auctor sed, tristique in, tempus sit amet, sem. Fusce consequat. Nulla nisl. Nunc nisl. Duis bibendum, felis sed interdum venenatis, turpis enim blandit mi, in porttitor pede justo eu massa.'),
 (53,429,'Nullam porttitor lacus at turpis. Donec posuere metus vitae ipsum.'),
 (54,277,'Integer ac leo. Pellentesque ultrices mattis odio. Donec vitae nisi. Nam ultrices, libero non mattis pulvinar, nulla pede ullamcorper augue, a suscipit nulla elit ac nulla. Sed vel enim sit amet nunc viverra dapibus. Nulla suscipit ligula in lacus. Curabitur at ipsum ac tellus semper interdum. Mauris ullamcorper purus sit amet nulla.'),
 (55,8,'Sed sagittis. Nam congue, risus semper porta volutpat, quam pede lobortis ligula, sit amet eleifend pede libero quis orci. Nullam molestie nibh in lectus. Pellentesque at nulla.'),
 (56,224,'Proin eu mi. Nulla ac enim. In tempor, turpis nec euismod scelerisque, quam turpis adipiscing lorem, vitae mattis nibh ligula nec sem. Duis aliquam convallis nunc. Proin at turpis a pede posuere nonummy. Integer non velit. Donec diam neque, vestibulum eget, vulputate ut, ultrices vel, augue. Vestibulum ante ipsum primis in faucibus orci luctus et ultrices posuere cubilia Curae; Donec pharetra, magna vestibulum aliquet ultrices, erat tortor sollicitudin mi, sit amet lobortis sapien sapien non mi. Integer ac neque.'),
 (57,450,'In est risus, auctor sed, tristique in, tempus sit amet, sem. Fusce consequat.'),
 (58,205,'Proin eu mi. Nulla ac enim. In tempor, turpis nec euismod scelerisque, quam turpis adipiscing lorem, vitae mattis nibh ligula nec sem.'),
 (59,162,'Nullam varius. Nulla facilisi. Cras non velit nec nisi vulputate nonummy.'),
 (60,208,'Morbi non quam nec dui luctus rutrum. Nulla tellus. In sagittis dui vel nisl.'),
 (61,249,'Morbi odio odio, elementum eu, interdum eu, tincidunt in, leo. Maecenas pulvinar lobortis est. Phasellus sit amet erat.'),
 (62,331,'Vestibulum quam sapien, varius ut, blandit non, interdum in, ante. Vestibulum ante ipsum primis in faucibus orci luctus et ultrices posuere cubilia Curae; Duis faucibus accumsan odio. Curabitur convallis. Duis consequat dui nec nisi volutpat eleifend. Donec ut dolor. Morbi vel lectus in quam fringilla rhoncus. Mauris enim leo, rhoncus sed, vestibulum sit amet, cursus id, turpis. Integer aliquet, massa id lobortis convallis, tortor risus dapibus augue, vel accumsan tellus nisi eu orci.'),
 (63,40,'Nulla mollis molestie lorem. Quisque ut erat. Curabitur gravida nisi at nibh. In hac habitasse platea dictumst. Aliquam augue quam, sollicitudin vitae, consectetuer eget, rutrum at, lorem.'),
 (64,384,'Integer ac neque. Duis bibendum. Morbi non quam nec dui luctus rutrum. Nulla tellus. In sagittis dui vel nisl. Duis ac nibh. Fusce lacus purus, aliquet at, feugiat non, pretium quis, lectus. Suspendisse potenti. In eleifend quam a odio. In hac habitasse platea dictumst.'),
 (65,436,'Aenean fermentum. Donec ut mauris eget massa tempor convallis. Nulla neque libero, convallis eget, eleifend luctus, ultricies eu, nibh.'),
 (66,242,'Lorem ipsum dolor sit amet, consectetuer adipiscing elit. Proin risus. Praesent lectus. Vestibulum quam sapien, varius ut, blandit non, interdum in, ante. Vestibulum ante ipsum primis in faucibus orci luctus et ultrices posuere cubilia Curae; Duis faucibus accumsan odio. Curabitur convallis. Duis consequat dui nec nisi volutpat eleifend.'),
 (67,291,'Fusce consequat. Nulla nisl. Nunc nisl. Duis bibendum, felis sed interdum venenatis, turpis enim blandit mi, in porttitor pede justo eu massa. Donec dapibus.'),
 (68,183,'Donec ut dolor.'),
 (69,373,'Duis bibendum, felis sed interdum venenatis, turpis enim blandit mi, in porttitor pede justo eu massa. Donec dapibus. Duis at velit eu est congue elementum.'),
 (70,357,'Fusce congue, diam id ornare imperdiet, sapien urna pretium nisl, ut volutpat sapien arcu sed augue. Aliquam erat volutpat.'),
 (71,25,'Proin leo odio, porttitor id, consequat in, consequat ut, nulla. Sed accumsan felis. Ut at dolor quis odio consequat varius. Integer ac leo. Pellentesque ultrices mattis odio. Donec vitae nisi. Nam ultrices, libero non mattis pulvinar, nulla pede ullamcorper augue, a suscipit nulla elit ac nulla. Sed vel enim sit amet nunc viverra dapibus.'),
 (72,456,'Aliquam augue quam, sollicitudin vitae, consectetuer eget, rutrum at, lorem. Integer tincidunt ante vel ipsum. Praesent blandit lacinia erat. Vestibulum sed magna at nunc commodo placerat. Praesent blandit. Nam nulla. Integer pede justo, lacinia eget, tincidunt eget, tempus vel, pede. Morbi porttitor lorem id ligula. Suspendisse ornare consequat lectus.'),
 (73,422,'Lorem ipsum dolor sit amet, consectetuer adipiscing elit. Proin risus. Praesent lectus. Vestibulum quam sapien, varius ut, blandit non, interdum in, ante. Vestibulum ante ipsum primis in faucibus orci luctus et ultrices posuere cubilia Curae; Duis faucibus accumsan odio. Curabitur convallis. Duis consequat dui nec nisi volutpat eleifend. Donec ut dolor. Morbi vel lectus in quam fringilla rhoncus.'),
 (74,411,'Donec semper sapien a libero. Nam dui. Proin leo odio, porttitor id, consequat in, consequat ut, nulla.'),
 (75,490,'Duis mattis egestas metus. Aenean fermentum. Donec ut mauris eget massa tempor convallis. Nulla neque libero, convallis eget, eleifend luctus, ultricies eu, nibh. Quisque id justo sit amet sapien dignissim vestibulum.'),
 (76,168,'Quisque porta volutpat erat. Quisque erat eros, viverra eget, congue eget, semper rutrum, nulla. Nunc purus. Phasellus in felis. Donec semper sapien a libero. Nam dui.'),
 (77,61,'Maecenas rhoncus aliquam lacus. Morbi quis tortor id nulla ultrices aliquet. Maecenas leo odio, condimentum id, luctus nec, molestie sed, justo. Pellentesque viverra pede ac diam. Cras pellentesque volutpat dui. Maecenas tristique, est et tempus semper, est quam pharetra magna, ac consequat metus sapien ut nunc.'),
 (78,395,'Morbi vel lectus in quam fringilla rhoncus. Mauris enim leo, rhoncus sed, vestibulum sit amet, cursus id, turpis. Integer aliquet, massa id lobortis convallis, tortor risus dapibus augue, vel accumsan tellus nisi eu orci. Mauris lacinia sapien quis libero.'),
 (79,71,'Pellentesque eget nunc.'),
 (80,139,'Mauris sit amet eros. Suspendisse accumsan tortor quis turpis. Sed ante. Vivamus tortor. Duis mattis egestas metus. Aenean fermentum. Donec ut mauris eget massa tempor convallis. Nulla neque libero, convallis eget, eleifend luctus, ultricies eu, nibh. Quisque id justo sit amet sapien dignissim vestibulum.'),
 (81,68,'Nullam sit amet turpis elementum ligula vehicula consequat. Morbi a ipsum. Integer a nibh. In quis justo. Maecenas rhoncus aliquam lacus. Morbi quis tortor id nulla ultrices aliquet. Maecenas leo odio, condimentum id, luctus nec, molestie sed, justo. Pellentesque viverra pede ac diam. Cras pellentesque volutpat dui. Maecenas tristique, est et tempus semper, est quam pharetra magna, ac consequat metus sapien ut nunc.'),
 (82,100,'Donec quis orci eget orci vehicula condimentum. Curabitur in libero ut massa volutpat convallis.'),
 (83,329,'Duis aliquam convallis nunc. Proin at turpis a pede posuere nonummy. Integer non velit. Donec diam neque, vestibulum eget, vulputate ut, ultrices vel, augue. Vestibulum ante ipsum primis in faucibus orci luctus et ultrices posuere cubilia Curae; Donec pharetra, magna vestibulum aliquet ultrices, erat tortor sollicitudin mi, sit amet lobortis sapien sapien non mi.'),
 (84,404,'In hac habitasse platea dictumst.'),
 (85,427,'Nam congue, risus semper porta volutpat, quam pede lobortis ligula, sit amet eleifend pede libero quis orci. Nullam molestie nibh in lectus. Pellentesque at nulla. Suspendisse potenti. Cras in purus eu magna vulputate luctus. Cum sociis natoque penatibus et magnis dis parturient montes, nascetur ridiculus mus.'),
 (86,261,'Phasellus id sapien in sapien iaculis congue. Vivamus metus arcu, adipiscing molestie, hendrerit at, vulputate vitae, nisl. Aenean lectus. Pellentesque eget nunc. Donec quis orci eget orci vehicula condimentum. Curabitur in libero ut massa volutpat convallis.'),
 (87,245,'Curabitur gravida nisi at nibh. In hac habitasse platea dictumst. Aliquam augue quam, sollicitudin vitae, consectetuer eget, rutrum at, lorem. Integer tincidunt ante vel ipsum.'),
 (88,420,'Lorem ipsum dolor sit amet, consectetuer adipiscing elit. Proin risus. Praesent lectus. Vestibulum quam sapien, varius ut, blandit non, interdum in, ante. Vestibulum ante ipsum primis in faucibus orci luctus et ultrices posuere cubilia Curae; Duis faucibus accumsan odio. Curabitur convallis. Duis consequat dui nec nisi volutpat eleifend.'),
 (89,140,'Vivamus metus arcu, adipiscing molestie, hendrerit at, vulputate vitae, nisl. Aenean lectus. Pellentesque eget nunc. Donec quis orci eget orci vehicula condimentum. Curabitur in libero ut massa volutpat convallis. Morbi odio odio, elementum eu, interdum eu, tincidunt in, leo. Maecenas pulvinar lobortis est.'),
 (90,394,'Donec posuere metus vitae ipsum. Aliquam non mauris. Morbi non lectus. Aliquam sit amet diam in magna bibendum imperdiet. Nullam orci pede, venenatis non, sodales sed, tincidunt eu, felis. Fusce posuere felis sed lacus. Morbi sem mauris, laoreet ut, rhoncus aliquet, pulvinar sed, nisl. Nunc rhoncus dui vel sem. Sed sagittis. Nam congue, risus semper porta volutpat, quam pede lobortis ligula, sit amet eleifend pede libero quis orci.'),
 (91,370,'Vestibulum quam sapien, varius ut, blandit non, interdum in, ante. Vestibulum ante ipsum primis in faucibus orci luctus et ultrices posuere cubilia Curae; Duis faucibus accumsan odio. Curabitur convallis. Duis consequat dui nec nisi volutpat eleifend. Donec ut dolor. Morbi vel lectus in quam fringilla rhoncus. Mauris enim leo, rhoncus sed, vestibulum sit amet, cursus id, turpis.'),
 (92,55,'Vestibulum ante ipsum primis in faucibus orci luctus et ultrices posuere cubilia Curae; Duis faucibus accumsan odio.'),
 (93,336,'Nulla tellus.'),
 (95,318,'Nulla tellus. In sagittis dui vel nisl. Duis ac nibh. Fusce lacus purus, aliquet at, feugiat non, pretium quis, lectus. Suspendisse potenti. In eleifend quam a odio. In hac habitasse platea dictumst.'),
 (96,303,'Nulla justo. Aliquam quis turpis eget elit sodales scelerisque. Mauris sit amet eros. Suspendisse accumsan tortor quis turpis. Sed ante. Vivamus tortor. Duis mattis egestas metus. Aenean fermentum. Donec ut mauris eget massa tempor convallis.'),
 (97,303,'Nulla justo. Aliquam quis turpis eget elit sodales scelerisque. Mauris sit amet eros. Suspendisse accumsan tortor quis turpis. Sed ante. Vivamus tortor.'),
 (98,188,'Lorem ipsum dolor sit amet, consectetuer adipiscing elit. Proin risus. Praesent lectus. Vestibulum quam sapien, varius ut, blandit non, interdum in, ante. Vestibulum ante ipsum primis in faucibus orci luctus et ultrices posuere cubilia Curae; Duis faucibus accumsan odio. Curabitur convallis. Duis consequat dui nec nisi volutpat eleifend. Donec ut dolor. Morbi vel lectus in quam fringilla rhoncus. Mauris enim leo, rhoncus sed, vestibulum sit amet, cursus id, turpis.'),
 (99,335,'Quisque erat eros, viverra eget, congue eget, semper rutrum, nulla. Nunc purus. Phasellus in felis. Donec semper sapien a libero.'),
 (100,415,'Ut at dolor quis odio consequat varius. Integer ac leo. Pellentesque ultrices mattis odio. Donec vitae nisi. Nam ultrices, libero non mattis pulvinar, nulla pede ullamcorper augue, a suscipit nulla elit ac nulla.'),
 (101,280,'Etiam faucibus cursus urna. Ut tellus. Nulla ut erat id mauris vulputate elementum. Nullam varius. Nulla facilisi. Cras non velit nec nisi vulputate nonummy. Maecenas tincidunt lacus at velit. Vivamus vel nulla eget eros elementum pellentesque. Quisque porta volutpat erat.'),
 (102,373,'Nulla ut erat id mauris vulputate elementum. Nullam varius. Nulla facilisi. Cras non velit nec nisi vulputate nonummy. Maecenas tincidunt lacus at velit. Vivamus vel nulla eget eros elementum pellentesque. Quisque porta volutpat erat.'),
 (103,384,'Sed ante. Vivamus tortor. Duis mattis egestas metus. Aenean fermentum. Donec ut mauris eget massa tempor convallis.'),
 (104,486,'Lorem ipsum dolor sit amet, consectetuer adipiscing elit. Proin interdum mauris non ligula pellentesque ultrices. Phasellus id sapien in sapien iaculis congue. Vivamus metus arcu, adipiscing molestie, hendrerit at, vulputate vitae, nisl. Aenean lectus. Pellentesque eget nunc.'),
 (105,155,'Phasellus sit amet erat. Nulla tempus. Vivamus in felis eu sapien cursus vestibulum. Proin eu mi. Nulla ac enim. In tempor, turpis nec euismod scelerisque, quam turpis adipiscing lorem, vitae mattis nibh ligula nec sem. Duis aliquam convallis nunc.'),
 (106,163,'Etiam justo. Etiam pretium iaculis justo. In hac habitasse platea dictumst. Etiam faucibus cursus urna. Ut tellus. Nulla ut erat id mauris vulputate elementum. Nullam varius. Nulla facilisi. Cras non velit nec nisi vulputate nonummy.'),
 (107,366,'Aliquam quis turpis eget elit sodales scelerisque. Mauris sit amet eros. Suspendisse accumsan tortor quis turpis. Sed ante. Vivamus tortor. Duis mattis egestas metus. Aenean fermentum.'),
 (108,490,'Proin eu mi. Nulla ac enim. In tempor, turpis nec euismod scelerisque, quam turpis adipiscing lorem, vitae mattis nibh ligula nec sem. Duis aliquam convallis nunc. Proin at turpis a pede posuere nonummy.'),
 (109,16,'Integer tincidunt ante vel ipsum. Praesent blandit lacinia erat. Vestibulum sed magna at nunc commodo placerat. Praesent blandit. Nam nulla. Integer pede justo, lacinia eget, tincidunt eget, tempus vel, pede. Morbi porttitor lorem id ligula. Suspendisse ornare consequat lectus.'),
 (110,343,'Aenean lectus. Pellentesque eget nunc. Donec quis orci eget orci vehicula condimentum. Curabitur in libero ut massa volutpat convallis. Morbi odio odio, elementum eu, interdum eu, tincidunt in, leo. Maecenas pulvinar lobortis est.'),
 (111,69,'Pellentesque eget nunc. Donec quis orci eget orci vehicula condimentum. Curabitur in libero ut massa volutpat convallis. Morbi odio odio, elementum eu, interdum eu, tincidunt in, leo. Maecenas pulvinar lobortis est. Phasellus sit amet erat.'),
 (112,21,'In hac habitasse platea dictumst. Maecenas ut massa quis augue luctus tincidunt.'),
 (113,300,'Morbi odio odio, elementum eu, interdum eu, tincidunt in, leo. Maecenas pulvinar lobortis est. Phasellus sit amet erat.'),
 (114,291,'Nulla tellus. In sagittis dui vel nisl. Duis ac nibh. Fusce lacus purus, aliquet at, feugiat non, pretium quis, lectus. Suspendisse potenti. In eleifend quam a odio. In hac habitasse platea dictumst. Maecenas ut massa quis augue luctus tincidunt.'),
 (115,279,'Suspendisse potenti. Cras in purus eu magna vulputate luctus. Cum sociis natoque penatibus et magnis dis parturient montes, nascetur ridiculus mus. Vivamus vestibulum sagittis sapien. Cum sociis natoque penatibus et magnis dis parturient montes, nascetur ridiculus mus. Etiam vel augue. Vestibulum rutrum rutrum neque. Aenean auctor gravida sem. Praesent id massa id nisl venenatis lacinia.'),
 (116,411,'Morbi vestibulum, velit id pretium iaculis, diam erat fermentum justo, nec condimentum neque sapien placerat ante. Nulla justo. Aliquam quis turpis eget elit sodales scelerisque.'),
 (117,350,'Vestibulum quam sapien, varius ut, blandit non, interdum in, ante. Vestibulum ante ipsum primis in faucibus orci luctus et ultrices posuere cubilia Curae; Duis faucibus accumsan odio. Curabitur convallis. Duis consequat dui nec nisi volutpat eleifend. Donec ut dolor.'),
 (118,411,'Integer ac neque. Duis bibendum. Morbi non quam nec dui luctus rutrum. Nulla tellus. In sagittis dui vel nisl. Duis ac nibh. Fusce lacus purus, aliquet at, feugiat non, pretium quis, lectus. Suspendisse potenti. In eleifend quam a odio.'),
 (119,164,'Duis consequat dui nec nisi volutpat eleifend. Donec ut dolor. Morbi vel lectus in quam fringilla rhoncus. Mauris enim leo, rhoncus sed, vestibulum sit amet, cursus id, turpis. Integer aliquet, massa id lobortis convallis, tortor risus dapibus augue, vel accumsan tellus nisi eu orci. Mauris lacinia sapien quis libero. Nullam sit amet turpis elementum ligula vehicula consequat. Morbi a ipsum.'),
 (120,420,'Maecenas tristique, est et tempus semper, est quam pharetra magna, ac consequat metus sapien ut nunc. Vestibulum ante ipsum primis in faucibus orci luctus et ultrices posuere cubilia Curae; Mauris viverra diam vitae quam. Suspendisse potenti. Nullam porttitor lacus at turpis. Donec posuere metus vitae ipsum. Aliquam non mauris. Morbi non lectus. Aliquam sit amet diam in magna bibendum imperdiet. Nullam orci pede, venenatis non, sodales sed, tincidunt eu, felis.'),
 (121,415,'Praesent lectus. Vestibulum quam sapien, varius ut, blandit non, interdum in, ante. Vestibulum ante ipsum primis in faucibus orci luctus et ultrices posuere cubilia Curae; Duis faucibus accumsan odio. Curabitur convallis. Duis consequat dui nec nisi volutpat eleifend. Donec ut dolor. Morbi vel lectus in quam fringilla rhoncus. Mauris enim leo, rhoncus sed, vestibulum sit amet, cursus id, turpis. Integer aliquet, massa id lobortis convallis, tortor risus dapibus augue, vel accumsan tellus nisi eu orci. Mauris lacinia sapien quis libero.'),
 (122,381,'Vestibulum ante ipsum primis in faucibus orci luctus et ultrices posuere cubilia Curae; Mauris viverra diam vitae quam.'),
 (123,217,'Fusce lacus purus, aliquet at, feugiat non, pretium quis, lectus. Suspendisse potenti. In eleifend quam a odio. In hac habitasse platea dictumst. Maecenas ut massa quis augue luctus tincidunt. Nulla mollis molestie lorem.'),
 (124,272,'Donec diam neque, vestibulum eget, vulputate ut, ultrices vel, augue. Vestibulum ante ipsum primis in faucibus orci luctus et ultrices posuere cubilia Curae; Donec pharetra, magna vestibulum aliquet ultrices, erat tortor sollicitudin mi, sit amet lobortis sapien sapien non mi.'),
 (125,58,'Mauris sit amet eros. Suspendisse accumsan tortor quis turpis. Sed ante. Vivamus tortor. Duis mattis egestas metus. Aenean fermentum.'),
 (126,158,'Pellentesque viverra pede ac diam. Cras pellentesque volutpat dui. Maecenas tristique, est et tempus semper, est quam pharetra magna, ac consequat metus sapien ut nunc. Vestibulum ante ipsum primis in faucibus orci luctus et ultrices posuere cubilia Curae; Mauris viverra diam vitae quam. Suspendisse potenti. Nullam porttitor lacus at turpis. Donec posuere metus vitae ipsum. Aliquam non mauris.'),
 (127,264,'Duis mattis egestas metus. Aenean fermentum. Donec ut mauris eget massa tempor convallis.'),
 (128,330,'Nulla justo. Aliquam quis turpis eget elit sodales scelerisque. Mauris sit amet eros. Suspendisse accumsan tortor quis turpis. Sed ante. Vivamus tortor. Duis mattis egestas metus. Aenean fermentum. Donec ut mauris eget massa tempor convallis. Nulla neque libero, convallis eget, eleifend luctus, ultricies eu, nibh.'),
 (129,45,'Nulla facilisi. Cras non velit nec nisi vulputate nonummy. Maecenas tincidunt lacus at velit. Vivamus vel nulla eget eros elementum pellentesque. Quisque porta volutpat erat. Quisque erat eros, viverra eget, congue eget, semper rutrum, nulla. Nunc purus. Phasellus in felis. Donec semper sapien a libero.'),
 (130,328,'Pellentesque eget nunc. Donec quis orci eget orci vehicula condimentum. Curabitur in libero ut massa volutpat convallis. Morbi odio odio, elementum eu, interdum eu, tincidunt in, leo. Maecenas pulvinar lobortis est. Phasellus sit amet erat. Nulla tempus. Vivamus in felis eu sapien cursus vestibulum.'),
 (132,62,'Praesent id massa id nisl venenatis lacinia. Aenean sit amet justo. Morbi ut odio. Cras mi pede, malesuada in, imperdiet et, commodo vulputate, justo. In blandit ultrices enim. Lorem ipsum dolor sit amet, consectetuer adipiscing elit.'),
 (133,127,'Fusce congue, diam id ornare imperdiet, sapien urna pretium nisl, ut volutpat sapien arcu sed augue. Aliquam erat volutpat. In congue. Etiam justo. Etiam pretium iaculis justo. In hac habitasse platea dictumst.'),
 (134,266,'Curabitur convallis. Duis consequat dui nec nisi volutpat eleifend. Donec ut dolor.'),
 (135,426,'Duis at velit eu est congue elementum. In hac habitasse platea dictumst. Morbi vestibulum, velit id pretium iaculis, diam erat fermentum justo, nec condimentum neque sapien placerat ante. Nulla justo. Aliquam quis turpis eget elit sodales scelerisque. Mauris sit amet eros.'),
 (136,212,'Vivamus vel nulla eget eros elementum pellentesque. Quisque porta volutpat erat.'),
 (137,3,'Nulla tellus. In sagittis dui vel nisl. Duis ac nibh. Fusce lacus purus, aliquet at, feugiat non, pretium quis, lectus. Suspendisse potenti. In eleifend quam a odio. In hac habitasse platea dictumst. Maecenas ut massa quis augue luctus tincidunt. Nulla mollis molestie lorem.'),
 (138,138,'Morbi sem mauris, laoreet ut, rhoncus aliquet, pulvinar sed, nisl. Nunc rhoncus dui vel sem. Sed sagittis. Nam congue, risus semper porta volutpat, quam pede lobortis ligula, sit amet eleifend pede libero quis orci. Nullam molestie nibh in lectus. Pellentesque at nulla. Suspendisse potenti. Cras in purus eu magna vulputate luctus.'),
 (139,311,'Nam tristique tortor eu pede.'),
 (140,124,'In eleifend quam a odio. In hac habitasse platea dictumst. Maecenas ut massa quis augue luctus tincidunt. Nulla mollis molestie lorem. Quisque ut erat. Curabitur gravida nisi at nibh. In hac habitasse platea dictumst. Aliquam augue quam, sollicitudin vitae, consectetuer eget, rutrum at, lorem. Integer tincidunt ante vel ipsum. Praesent blandit lacinia erat.'),
 (141,75,'Quisque porta volutpat erat. Quisque erat eros, viverra eget, congue eget, semper rutrum, nulla. Nunc purus. Phasellus in felis. Donec semper sapien a libero. Nam dui. Proin leo odio, porttitor id, consequat in, consequat ut, nulla. Sed accumsan felis.'),
 (142,343,'In sagittis dui vel nisl. Duis ac nibh. Fusce lacus purus, aliquet at, feugiat non, pretium quis, lectus. Suspendisse potenti. In eleifend quam a odio. In hac habitasse platea dictumst. Maecenas ut massa quis augue luctus tincidunt. Nulla mollis molestie lorem. Quisque ut erat. Curabitur gravida nisi at nibh.'),
 (143,116,'Maecenas rhoncus aliquam lacus. Morbi quis tortor id nulla ultrices aliquet. Maecenas leo odio, condimentum id, luctus nec, molestie sed, justo. Pellentesque viverra pede ac diam. Cras pellentesque volutpat dui. Maecenas tristique, est et tempus semper, est quam pharetra magna, ac consequat metus sapien ut nunc. Vestibulum ante ipsum primis in faucibus orci luctus et ultrices posuere cubilia Curae; Mauris viverra diam vitae quam. Suspendisse potenti. Nullam porttitor lacus at turpis. Donec posuere metus vitae ipsum.'),
 (145,205,'In sagittis dui vel nisl. Duis ac nibh. Fusce lacus purus, aliquet at, feugiat non, pretium quis, lectus.'),
 (146,224,'Nullam orci pede, venenatis non, sodales sed, tincidunt eu, felis. Fusce posuere felis sed lacus. Morbi sem mauris, laoreet ut, rhoncus aliquet, pulvinar sed, nisl. Nunc rhoncus dui vel sem. Sed sagittis.'),
 (147,157,'Morbi odio odio, elementum eu, interdum eu, tincidunt in, leo. Maecenas pulvinar lobortis est. Phasellus sit amet erat. Nulla tempus. Vivamus in felis eu sapien cursus vestibulum. Proin eu mi. Nulla ac enim. In tempor, turpis nec euismod scelerisque, quam turpis adipiscing lorem, vitae mattis nibh ligula nec sem. Duis aliquam convallis nunc.'),
 (148,375,'Proin leo odio, porttitor id, consequat in, consequat ut, nulla. Sed accumsan felis. Ut at dolor quis odio consequat varius.'),
 (149,206,'Vestibulum rutrum rutrum neque. Aenean auctor gravida sem. Praesent id massa id nisl venenatis lacinia. Aenean sit amet justo. Morbi ut odio. Cras mi pede, malesuada in, imperdiet et, commodo vulputate, justo. In blandit ultrices enim. Lorem ipsum dolor sit amet, consectetuer adipiscing elit. Proin interdum mauris non ligula pellentesque ultrices. Phasellus id sapien in sapien iaculis congue.'),
 (150,195,'Suspendisse potenti. Nullam porttitor lacus at turpis. Donec posuere metus vitae ipsum. Aliquam non mauris.'),
 (151,75,'Cras mi pede, malesuada in, imperdiet et, commodo vulputate, justo. In blandit ultrices enim.'),
 (152,459,'Nulla ac enim. In tempor, turpis nec euismod scelerisque, quam turpis adipiscing lorem, vitae mattis nibh ligula nec sem. Duis aliquam convallis nunc. Proin at turpis a pede posuere nonummy. Integer non velit. Donec diam neque, vestibulum eget, vulputate ut, ultrices vel, augue. Vestibulum ante ipsum primis in faucibus orci luctus et ultrices posuere cubilia Curae; Donec pharetra, magna vestibulum aliquet ultrices, erat tortor sollicitudin mi, sit amet lobortis sapien sapien non mi. Integer ac neque. Duis bibendum. Morbi non quam nec dui luctus rutrum.'),
 (153,301,'In hac habitasse platea dictumst. Aliquam augue quam, sollicitudin vitae, consectetuer eget, rutrum at, lorem. Integer tincidunt ante vel ipsum. Praesent blandit lacinia erat. Vestibulum sed magna at nunc commodo placerat.'),
 (154,195,'Vestibulum ac est lacinia nisi venenatis tristique. Fusce congue, diam id ornare imperdiet, sapien urna pretium nisl, ut volutpat sapien arcu sed augue. Aliquam erat volutpat. In congue. Etiam justo. Etiam pretium iaculis justo. In hac habitasse platea dictumst. Etiam faucibus cursus urna. Ut tellus.'),
 (155,196,'Donec odio justo, sollicitudin ut, suscipit a, feugiat et, eros. Vestibulum ac est lacinia nisi venenatis tristique. Fusce congue, diam id ornare imperdiet, sapien urna pretium nisl, ut volutpat sapien arcu sed augue. Aliquam erat volutpat. In congue. Etiam justo. Etiam pretium iaculis justo. In hac habitasse platea dictumst.'),
 (156,171,'Vestibulum quam sapien, varius ut, blandit non, interdum in, ante.'),
 (157,26,'Vivamus tortor. Duis mattis egestas metus. Aenean fermentum. Donec ut mauris eget massa tempor convallis. Nulla neque libero, convallis eget, eleifend luctus, ultricies eu, nibh. Quisque id justo sit amet sapien dignissim vestibulum. Vestibulum ante ipsum primis in faucibus orci luctus et ultrices posuere cubilia Curae; Nulla dapibus dolor vel est. Donec odio justo, sollicitudin ut, suscipit a, feugiat et, eros. Vestibulum ac est lacinia nisi venenatis tristique.'),
 (158,258,'Nullam orci pede, venenatis non, sodales sed, tincidunt eu, felis. Fusce posuere felis sed lacus. Morbi sem mauris, laoreet ut, rhoncus aliquet, pulvinar sed, nisl. Nunc rhoncus dui vel sem.'),
 (159,24,'Fusce posuere felis sed lacus. Morbi sem mauris, laoreet ut, rhoncus aliquet, pulvinar sed, nisl.'),
 (160,359,'Nulla tellus. In sagittis dui vel nisl. Duis ac nibh. Fusce lacus purus, aliquet at, feugiat non, pretium quis, lectus. Suspendisse potenti. In eleifend quam a odio. In hac habitasse platea dictumst. Maecenas ut massa quis augue luctus tincidunt. Nulla mollis molestie lorem. Quisque ut erat.'),
 (161,187,'Cras non velit nec nisi vulputate nonummy. Maecenas tincidunt lacus at velit. Vivamus vel nulla eget eros elementum pellentesque. Quisque porta volutpat erat. Quisque erat eros, viverra eget, congue eget, semper rutrum, nulla. Nunc purus. Phasellus in felis. Donec semper sapien a libero. Nam dui. Proin leo odio, porttitor id, consequat in, consequat ut, nulla.'),
 (162,33,'Curabitur in libero ut massa volutpat convallis.'),
 (163,191,'In hac habitasse platea dictumst. Etiam faucibus cursus urna. Ut tellus. Nulla ut erat id mauris vulputate elementum. Nullam varius.'),
 (164,331,'Proin leo odio, porttitor id, consequat in, consequat ut, nulla. Sed accumsan felis. Ut at dolor quis odio consequat varius. Integer ac leo. Pellentesque ultrices mattis odio. Donec vitae nisi.'),
 (165,430,'Proin risus. Praesent lectus.'),
 (166,388,'Nulla mollis molestie lorem. Quisque ut erat. Curabitur gravida nisi at nibh. In hac habitasse platea dictumst. Aliquam augue quam, sollicitudin vitae, consectetuer eget, rutrum at, lorem. Integer tincidunt ante vel ipsum. Praesent blandit lacinia erat. Vestibulum sed magna at nunc commodo placerat.'),
 (167,113,'Morbi non quam nec dui luctus rutrum. Nulla tellus. In sagittis dui vel nisl. Duis ac nibh. Fusce lacus purus, aliquet at, feugiat non, pretium quis, lectus. Suspendisse potenti. In eleifend quam a odio. In hac habitasse platea dictumst. Maecenas ut massa quis augue luctus tincidunt. Nulla mollis molestie lorem.'),
 (168,10,'Nulla ac enim. In tempor, turpis nec euismod scelerisque, quam turpis adipiscing lorem, vitae mattis nibh ligula nec sem. Duis aliquam convallis nunc. Proin at turpis a pede posuere nonummy. Integer non velit. Donec diam neque, vestibulum eget, vulputate ut, ultrices vel, augue.'),
 (169,198,'Etiam faucibus cursus urna. Ut tellus. Nulla ut erat id mauris vulputate elementum. Nullam varius. Nulla facilisi. Cras non velit nec nisi vulputate nonummy. Maecenas tincidunt lacus at velit. Vivamus vel nulla eget eros elementum pellentesque. Quisque porta volutpat erat.'),
 (170,321,'Integer ac neque. Duis bibendum. Morbi non quam nec dui luctus rutrum. Nulla tellus. In sagittis dui vel nisl. Duis ac nibh. Fusce lacus purus, aliquet at, feugiat non, pretium quis, lectus. Suspendisse potenti. In eleifend quam a odio. In hac habitasse platea dictumst.'),
 (171,490,'Morbi odio odio, elementum eu, interdum eu, tincidunt in, leo. Maecenas pulvinar lobortis est. Phasellus sit amet erat. Nulla tempus.'),
 (172,293,'Vestibulum quam sapien, varius ut, blandit non, interdum in, ante. Vestibulum ante ipsum primis in faucibus orci luctus et ultrices posuere cubilia Curae; Duis faucibus accumsan odio. Curabitur convallis. Duis consequat dui nec nisi volutpat eleifend. Donec ut dolor. Morbi vel lectus in quam fringilla rhoncus. Mauris enim leo, rhoncus sed, vestibulum sit amet, cursus id, turpis. Integer aliquet, massa id lobortis convallis, tortor risus dapibus augue, vel accumsan tellus nisi eu orci.'),
 (173,209,'Suspendisse potenti. Cras in purus eu magna vulputate luctus. Cum sociis natoque penatibus et magnis dis parturient montes, nascetur ridiculus mus. Vivamus vestibulum sagittis sapien. Cum sociis natoque penatibus et magnis dis parturient montes, nascetur ridiculus mus. Etiam vel augue. Vestibulum rutrum rutrum neque.'),
 (174,499,'In hac habitasse platea dictumst. Etiam faucibus cursus urna. Ut tellus. Nulla ut erat id mauris vulputate elementum. Nullam varius. Nulla facilisi. Cras non velit nec nisi vulputate nonummy.'),
 (175,102,'In quis justo. Maecenas rhoncus aliquam lacus. Morbi quis tortor id nulla ultrices aliquet. Maecenas leo odio, condimentum id, luctus nec, molestie sed, justo.'),
 (176,228,'Nulla facilisi. Cras non velit nec nisi vulputate nonummy. Maecenas tincidunt lacus at velit. Vivamus vel nulla eget eros elementum pellentesque.'),
 (177,465,'Nullam varius.'),
 (178,277,'Duis at velit eu est congue elementum. In hac habitasse platea dictumst. Morbi vestibulum, velit id pretium iaculis, diam erat fermentum justo, nec condimentum neque sapien placerat ante.'),
 (179,261,'Mauris sit amet eros. Suspendisse accumsan tortor quis turpis. Sed ante. Vivamus tortor. Duis mattis egestas metus.'),
 (180,350,'Vivamus vestibulum sagittis sapien. Cum sociis natoque penatibus et magnis dis parturient montes, nascetur ridiculus mus. Etiam vel augue. Vestibulum rutrum rutrum neque. Aenean auctor gravida sem. Praesent id massa id nisl venenatis lacinia. Aenean sit amet justo. Morbi ut odio.'),
 (181,124,'Vestibulum rutrum rutrum neque. Aenean auctor gravida sem. Praesent id massa id nisl venenatis lacinia. Aenean sit amet justo.'),
 (182,289,'In hac habitasse platea dictumst. Etiam faucibus cursus urna. Ut tellus. Nulla ut erat id mauris vulputate elementum.'),
 (183,285,'Praesent blandit lacinia erat. Vestibulum sed magna at nunc commodo placerat. Praesent blandit.'),
 (184,338,'Sed sagittis. Nam congue, risus semper porta volutpat, quam pede lobortis ligula, sit amet eleifend pede libero quis orci. Nullam molestie nibh in lectus. Pellentesque at nulla. Suspendisse potenti. Cras in purus eu magna vulputate luctus. Cum sociis natoque penatibus et magnis dis parturient montes, nascetur ridiculus mus. Vivamus vestibulum sagittis sapien. Cum sociis natoque penatibus et magnis dis parturient montes, nascetur ridiculus mus.'),
 (185,24,'Nam dui. Proin leo odio, porttitor id, consequat in, consequat ut, nulla. Sed accumsan felis. Ut at dolor quis odio consequat varius. Integer ac leo. Pellentesque ultrices mattis odio. Donec vitae nisi.'),
 (186,366,'Cras pellentesque volutpat dui. Maecenas tristique, est et tempus semper, est quam pharetra magna, ac consequat metus sapien ut nunc. Vestibulum ante ipsum primis in faucibus orci luctus et ultrices posuere cubilia Curae; Mauris viverra diam vitae quam. Suspendisse potenti. Nullam porttitor lacus at turpis.'),
 (187,216,'Nulla ut erat id mauris vulputate elementum. Nullam varius.'),
 (188,192,'Nunc purus. Phasellus in felis. Donec semper sapien a libero.'),
 (189,428,'Duis ac nibh. Fusce lacus purus, aliquet at, feugiat non, pretium quis, lectus. Suspendisse potenti. In eleifend quam a odio. In hac habitasse platea dictumst. Maecenas ut massa quis augue luctus tincidunt. Nulla mollis molestie lorem. Quisque ut erat. Curabitur gravida nisi at nibh. In hac habitasse platea dictumst.'),
 (190,141,'Proin leo odio, porttitor id, consequat in, consequat ut, nulla.'),
 (191,267,'Cras mi pede, malesuada in, imperdiet et, commodo vulputate, justo. In blandit ultrices enim. Lorem ipsum dolor sit amet, consectetuer adipiscing elit. Proin interdum mauris non ligula pellentesque ultrices. Phasellus id sapien in sapien iaculis congue. Vivamus metus arcu, adipiscing molestie, hendrerit at, vulputate vitae, nisl.'),
 (192,187,'Fusce congue, diam id ornare imperdiet, sapien urna pretium nisl, ut volutpat sapien arcu sed augue. Aliquam erat volutpat.'),
 (193,401,'Nullam molestie nibh in lectus. Pellentesque at nulla. Suspendisse potenti. Cras in purus eu magna vulputate luctus.'),
 (194,419,'In eleifend quam a odio. In hac habitasse platea dictumst. Maecenas ut massa quis augue luctus tincidunt. Nulla mollis molestie lorem. Quisque ut erat.'),
 (195,325,'Vivamus vel nulla eget eros elementum pellentesque. Quisque porta volutpat erat.'),
 (196,82,'Duis mattis egestas metus. Aenean fermentum.'),
 (197,37,'Suspendisse potenti. In eleifend quam a odio. In hac habitasse platea dictumst. Maecenas ut massa quis augue luctus tincidunt. Nulla mollis molestie lorem. Quisque ut erat. Curabitur gravida nisi at nibh. In hac habitasse platea dictumst. Aliquam augue quam, sollicitudin vitae, consectetuer eget, rutrum at, lorem.'),
 (198,381,'Morbi vestibulum, velit id pretium iaculis, diam erat fermentum justo, nec condimentum neque sapien placerat ante.'),
 (199,110,'Integer non velit. Donec diam neque, vestibulum eget, vulputate ut, ultrices vel, augue. Vestibulum ante ipsum primis in faucibus orci luctus et ultrices posuere cubilia Curae; Donec pharetra, magna vestibulum aliquet ultrices, erat tortor sollicitudin mi, sit amet lobortis sapien sapien non mi. Integer ac neque. Duis bibendum. Morbi non quam nec dui luctus rutrum. Nulla tellus.'),
 (200,174,'Nulla tempus.'),
 (201,270,'Morbi non lectus. Aliquam sit amet diam in magna bibendum imperdiet. Nullam orci pede, venenatis non, sodales sed, tincidunt eu, felis.'),
 (202,40,'Vestibulum ante ipsum primis in faucibus orci luctus et ultrices posuere cubilia Curae; Mauris viverra diam vitae quam. Suspendisse potenti. Nullam porttitor lacus at turpis. Donec posuere metus vitae ipsum. Aliquam non mauris. Morbi non lectus.'),
 (203,109,'Quisque porta volutpat erat. Quisque erat eros, viverra eget, congue eget, semper rutrum, nulla. Nunc purus. Phasellus in felis. Donec semper sapien a libero. Nam dui. Proin leo odio, porttitor id, consequat in, consequat ut, nulla.'),
 (204,222,'Nullam porttitor lacus at turpis. Donec posuere metus vitae ipsum. Aliquam non mauris. Morbi non lectus. Aliquam sit amet diam in magna bibendum imperdiet. Nullam orci pede, venenatis non, sodales sed, tincidunt eu, felis.'),
 (205,285,'Duis bibendum. Morbi non quam nec dui luctus rutrum. Nulla tellus. In sagittis dui vel nisl. Duis ac nibh. Fusce lacus purus, aliquet at, feugiat non, pretium quis, lectus. Suspendisse potenti. In eleifend quam a odio.'),
 (207,386,'Nunc nisl. Duis bibendum, felis sed interdum venenatis, turpis enim blandit mi, in porttitor pede justo eu massa. Donec dapibus. Duis at velit eu est congue elementum. In hac habitasse platea dictumst.'),
 (208,47,'Mauris sit amet eros. Suspendisse accumsan tortor quis turpis. Sed ante.'),
 (209,482,'Nullam porttitor lacus at turpis. Donec posuere metus vitae ipsum. Aliquam non mauris.'),
 (210,240,'Aliquam sit amet diam in magna bibendum imperdiet. Nullam orci pede, venenatis non, sodales sed, tincidunt eu, felis. Fusce posuere felis sed lacus.'),
 (211,343,'Cras non velit nec nisi vulputate nonummy. Maecenas tincidunt lacus at velit. Vivamus vel nulla eget eros elementum pellentesque. Quisque porta volutpat erat.'),
 (212,255,'Curabitur at ipsum ac tellus semper interdum. Mauris ullamcorper purus sit amet nulla.'),
 (213,236,'Aliquam erat volutpat. In congue. Etiam justo. Etiam pretium iaculis justo. In hac habitasse platea dictumst. Etiam faucibus cursus urna. Ut tellus.'),
 (214,352,'Donec posuere metus vitae ipsum. Aliquam non mauris.'),
 (215,159,'Morbi quis tortor id nulla ultrices aliquet. Maecenas leo odio, condimentum id, luctus nec, molestie sed, justo. Pellentesque viverra pede ac diam. Cras pellentesque volutpat dui. Maecenas tristique, est et tempus semper, est quam pharetra magna, ac consequat metus sapien ut nunc.'),
 (216,98,'Duis mattis egestas metus. Aenean fermentum. Donec ut mauris eget massa tempor convallis. Nulla neque libero, convallis eget, eleifend luctus, ultricies eu, nibh. Quisque id justo sit amet sapien dignissim vestibulum. Vestibulum ante ipsum primis in faucibus orci luctus et ultrices posuere cubilia Curae; Nulla dapibus dolor vel est. Donec odio justo, sollicitudin ut, suscipit a, feugiat et, eros. Vestibulum ac est lacinia nisi venenatis tristique. Fusce congue, diam id ornare imperdiet, sapien urna pretium nisl, ut volutpat sapien arcu sed augue. Aliquam erat volutpat.'),
 (217,252,'Aliquam sit amet diam in magna bibendum imperdiet. Nullam orci pede, venenatis non, sodales sed, tincidunt eu, felis. Fusce posuere felis sed lacus. Morbi sem mauris, laoreet ut, rhoncus aliquet, pulvinar sed, nisl. Nunc rhoncus dui vel sem.'),
 (218,144,'Lorem ipsum dolor sit amet, consectetuer adipiscing elit. Proin interdum mauris non ligula pellentesque ultrices. Phasellus id sapien in sapien iaculis congue.'),
 (219,317,'Duis ac nibh.'),
 (220,275,'Maecenas tincidunt lacus at velit. Vivamus vel nulla eget eros elementum pellentesque. Quisque porta volutpat erat. Quisque erat eros, viverra eget, congue eget, semper rutrum, nulla. Nunc purus. Phasellus in felis. Donec semper sapien a libero. Nam dui.'),
 (221,242,'Nullam orci pede, venenatis non, sodales sed, tincidunt eu, felis. Fusce posuere felis sed lacus. Morbi sem mauris, laoreet ut, rhoncus aliquet, pulvinar sed, nisl.'),
 (222,422,'Phasellus sit amet erat. Nulla tempus. Vivamus in felis eu sapien cursus vestibulum. Proin eu mi.'),
 (223,353,'Lorem ipsum dolor sit amet, consectetuer adipiscing elit.'),
 (224,426,'Donec posuere metus vitae ipsum. Aliquam non mauris.'),
 (225,30,'Integer ac leo. Pellentesque ultrices mattis odio. Donec vitae nisi. Nam ultrices, libero non mattis pulvinar, nulla pede ullamcorper augue, a suscipit nulla elit ac nulla.'),
 (226,304,'Donec posuere metus vitae ipsum. Aliquam non mauris.'),
 (227,413,'Praesent id massa id nisl venenatis lacinia. Aenean sit amet justo. Morbi ut odio. Cras mi pede, malesuada in, imperdiet et, commodo vulputate, justo. In blandit ultrices enim. Lorem ipsum dolor sit amet, consectetuer adipiscing elit. Proin interdum mauris non ligula pellentesque ultrices. Phasellus id sapien in sapien iaculis congue. Vivamus metus arcu, adipiscing molestie, hendrerit at, vulputate vitae, nisl. Aenean lectus.'),
 (228,461,'Maecenas rhoncus aliquam lacus.'),
 (229,332,'Suspendisse potenti. Cras in purus eu magna vulputate luctus. Cum sociis natoque penatibus et magnis dis parturient montes, nascetur ridiculus mus. Vivamus vestibulum sagittis sapien.'),
 (230,320,'Cras in purus eu magna vulputate luctus. Cum sociis natoque penatibus et magnis dis parturient montes, nascetur ridiculus mus. Vivamus vestibulum sagittis sapien. Cum sociis natoque penatibus et magnis dis parturient montes, nascetur ridiculus mus. Etiam vel augue. Vestibulum rutrum rutrum neque. Aenean auctor gravida sem. Praesent id massa id nisl venenatis lacinia.'),
 (232,86,'Vestibulum ante ipsum primis in faucibus orci luctus et ultrices posuere cubilia Curae; Nulla dapibus dolor vel est. Donec odio justo, sollicitudin ut, suscipit a, feugiat et, eros. Vestibulum ac est lacinia nisi venenatis tristique. Fusce congue, diam id ornare imperdiet, sapien urna pretium nisl, ut volutpat sapien arcu sed augue. Aliquam erat volutpat.'),
 (233,347,'In hac habitasse platea dictumst. Aliquam augue quam, sollicitudin vitae, consectetuer eget, rutrum at, lorem. Integer tincidunt ante vel ipsum. Praesent blandit lacinia erat.'),
 (234,370,'Cras non velit nec nisi vulputate nonummy. Maecenas tincidunt lacus at velit. Vivamus vel nulla eget eros elementum pellentesque. Quisque porta volutpat erat.'),
 (235,228,'Aenean sit amet justo. Morbi ut odio. Cras mi pede, malesuada in, imperdiet et, commodo vulputate, justo. In blandit ultrices enim. Lorem ipsum dolor sit amet, consectetuer adipiscing elit. Proin interdum mauris non ligula pellentesque ultrices.'),
 (236,484,'Duis ac nibh. Fusce lacus purus, aliquet at, feugiat non, pretium quis, lectus.'),
 (237,154,'Donec dapibus. Duis at velit eu est congue elementum. In hac habitasse platea dictumst. Morbi vestibulum, velit id pretium iaculis, diam erat fermentum justo, nec condimentum neque sapien placerat ante. Nulla justo. Aliquam quis turpis eget elit sodales scelerisque.'),
 (238,27,'Donec ut dolor. Morbi vel lectus in quam fringilla rhoncus.'),
 (239,8,'Nulla facilisi.'),
 (240,137,'Aliquam sit amet diam in magna bibendum imperdiet. Nullam orci pede, venenatis non, sodales sed, tincidunt eu, felis. Fusce posuere felis sed lacus. Morbi sem mauris, laoreet ut, rhoncus aliquet, pulvinar sed, nisl. Nunc rhoncus dui vel sem. Sed sagittis.'),
 (241,71,'Nam congue, risus semper porta volutpat, quam pede lobortis ligula, sit amet eleifend pede libero quis orci.'),
 (242,251,'Quisque porta volutpat erat. Quisque erat eros, viverra eget, congue eget, semper rutrum, nulla. Nunc purus. Phasellus in felis. Donec semper sapien a libero. Nam dui.'),
 (243,242,'Donec ut dolor. Morbi vel lectus in quam fringilla rhoncus. Mauris enim leo, rhoncus sed, vestibulum sit amet, cursus id, turpis. Integer aliquet, massa id lobortis convallis, tortor risus dapibus augue, vel accumsan tellus nisi eu orci. Mauris lacinia sapien quis libero. Nullam sit amet turpis elementum ligula vehicula consequat. Morbi a ipsum.'),
 (244,159,'Suspendisse accumsan tortor quis turpis. Sed ante. Vivamus tortor. Duis mattis egestas metus. Aenean fermentum. Donec ut mauris eget massa tempor convallis. Nulla neque libero, convallis eget, eleifend luctus, ultricies eu, nibh. Quisque id justo sit amet sapien dignissim vestibulum.'),
 (245,92,'Morbi vel lectus in quam fringilla rhoncus. Mauris enim leo, rhoncus sed, vestibulum sit amet, cursus id, turpis. Integer aliquet, massa id lobortis convallis, tortor risus dapibus augue, vel accumsan tellus nisi eu orci. Mauris lacinia sapien quis libero. Nullam sit amet turpis elementum ligula vehicula consequat. Morbi a ipsum. Integer a nibh.'),
 (246,183,'Integer tincidunt ante vel ipsum. Praesent blandit lacinia erat. Vestibulum sed magna at nunc commodo placerat.'),
 (247,363,'Suspendisse potenti. Cras in purus eu magna vulputate luctus. Cum sociis natoque penatibus et magnis dis parturient montes, nascetur ridiculus mus.'),
 (248,411,'Fusce congue, diam id ornare imperdiet, sapien urna pretium nisl, ut volutpat sapien arcu sed augue.'),
 (250,417,'Nulla ut erat id mauris vulputate elementum. Nullam varius. Nulla facilisi. Cras non velit nec nisi vulputate nonummy. Maecenas tincidunt lacus at velit. Vivamus vel nulla eget eros elementum pellentesque. Quisque porta volutpat erat. Quisque erat eros, viverra eget, congue eget, semper rutrum, nulla. Nunc purus. Phasellus in felis.'),
 (252,492,'In hac habitasse platea dictumst. Etiam faucibus cursus urna.'),
 (253,385,'In hac habitasse platea dictumst. Etiam faucibus cursus urna. Ut tellus. Nulla ut erat id mauris vulputate elementum. Nullam varius. Nulla facilisi. Cras non velit nec nisi vulputate nonummy. Maecenas tincidunt lacus at velit. Vivamus vel nulla eget eros elementum pellentesque. Quisque porta volutpat erat.'),
 (254,272,'Morbi quis tortor id nulla ultrices aliquet. Maecenas leo odio, condimentum id, luctus nec, molestie sed, justo. Pellentesque viverra pede ac diam. Cras pellentesque volutpat dui. Maecenas tristique, est et tempus semper, est quam pharetra magna, ac consequat metus sapien ut nunc.'),
 (255,459,'Duis mattis egestas metus. Aenean fermentum. Donec ut mauris eget massa tempor convallis. Nulla neque libero, convallis eget, eleifend luctus, ultricies eu, nibh. Quisque id justo sit amet sapien dignissim vestibulum.'),
 (256,366,'Donec ut dolor. Morbi vel lectus in quam fringilla rhoncus.'),
 (257,39,'Cras non velit nec nisi vulputate nonummy. Maecenas tincidunt lacus at velit. Vivamus vel nulla eget eros elementum pellentesque. Quisque porta volutpat erat. Quisque erat eros, viverra eget, congue eget, semper rutrum, nulla. Nunc purus. Phasellus in felis. Donec semper sapien a libero. Nam dui. Proin leo odio, porttitor id, consequat in, consequat ut, nulla.'),
 (258,459,'Morbi non lectus. Aliquam sit amet diam in magna bibendum imperdiet. Nullam orci pede, venenatis non, sodales sed, tincidunt eu, felis. Fusce posuere felis sed lacus. Morbi sem mauris, laoreet ut, rhoncus aliquet, pulvinar sed, nisl. Nunc rhoncus dui vel sem.'),
 (259,475,'Phasellus id sapien in sapien iaculis congue. Vivamus metus arcu, adipiscing molestie, hendrerit at, vulputate vitae, nisl. Aenean lectus. Pellentesque eget nunc. Donec quis orci eget orci vehicula condimentum. Curabitur in libero ut massa volutpat convallis. Morbi odio odio, elementum eu, interdum eu, tincidunt in, leo. Maecenas pulvinar lobortis est.'),
 (260,472,'In hac habitasse platea dictumst. Morbi vestibulum, velit id pretium iaculis, diam erat fermentum justo, nec condimentum neque sapien placerat ante. Nulla justo. Aliquam quis turpis eget elit sodales scelerisque.'),
 (261,253,'Etiam justo. Etiam pretium iaculis justo. In hac habitasse platea dictumst.'),
 (262,485,'Cum sociis natoque penatibus et magnis dis parturient montes, nascetur ridiculus mus. Vivamus vestibulum sagittis sapien. Cum sociis natoque penatibus et magnis dis parturient montes, nascetur ridiculus mus. Etiam vel augue. Vestibulum rutrum rutrum neque. Aenean auctor gravida sem.'),
 (263,264,'Suspendisse potenti. In eleifend quam a odio.'),
 (264,90,'Suspendisse ornare consequat lectus. In est risus, auctor sed, tristique in, tempus sit amet, sem. Fusce consequat. Nulla nisl. Nunc nisl. Duis bibendum, felis sed interdum venenatis, turpis enim blandit mi, in porttitor pede justo eu massa. Donec dapibus. Duis at velit eu est congue elementum. In hac habitasse platea dictumst.'),
 (265,327,'Etiam vel augue. Vestibulum rutrum rutrum neque. Aenean auctor gravida sem. Praesent id massa id nisl venenatis lacinia.'),
 (266,189,'Nam nulla.'),
 (267,325,'Vestibulum ante ipsum primis in faucibus orci luctus et ultrices posuere cubilia Curae; Duis faucibus accumsan odio. Curabitur convallis. Duis consequat dui nec nisi volutpat eleifend. Donec ut dolor. Morbi vel lectus in quam fringilla rhoncus. Mauris enim leo, rhoncus sed, vestibulum sit amet, cursus id, turpis. Integer aliquet, massa id lobortis convallis, tortor risus dapibus augue, vel accumsan tellus nisi eu orci. Mauris lacinia sapien quis libero. Nullam sit amet turpis elementum ligula vehicula consequat.'),
 (268,479,'Proin risus.'),
 (269,250,'Proin at turpis a pede posuere nonummy. Integer non velit.'),
 (270,145,'Morbi a ipsum.'),
 (271,224,'In sagittis dui vel nisl. Duis ac nibh. Fusce lacus purus, aliquet at, feugiat non, pretium quis, lectus. Suspendisse potenti. In eleifend quam a odio.'),
 (272,194,'Maecenas pulvinar lobortis est. Phasellus sit amet erat. Nulla tempus. Vivamus in felis eu sapien cursus vestibulum. Proin eu mi. Nulla ac enim.'),
 (273,403,'Donec vitae nisi. Nam ultrices, libero non mattis pulvinar, nulla pede ullamcorper augue, a suscipit nulla elit ac nulla. Sed vel enim sit amet nunc viverra dapibus. Nulla suscipit ligula in lacus. Curabitur at ipsum ac tellus semper interdum. Mauris ullamcorper purus sit amet nulla. Quisque arcu libero, rutrum ac, lobortis vel, dapibus at, diam.'),
 (274,350,'Vestibulum sed magna at nunc commodo placerat. Praesent blandit. Nam nulla. Integer pede justo, lacinia eget, tincidunt eget, tempus vel, pede. Morbi porttitor lorem id ligula. Suspendisse ornare consequat lectus.'),
 (275,109,'Fusce lacus purus, aliquet at, feugiat non, pretium quis, lectus. Suspendisse potenti. In eleifend quam a odio. In hac habitasse platea dictumst. Maecenas ut massa quis augue luctus tincidunt. Nulla mollis molestie lorem. Quisque ut erat.'),
 (276,328,'Aliquam erat volutpat. In congue. Etiam justo. Etiam pretium iaculis justo. In hac habitasse platea dictumst. Etiam faucibus cursus urna.'),
 (277,236,'Cras non velit nec nisi vulputate nonummy. Maecenas tincidunt lacus at velit.'),
 (278,440,'Donec ut dolor. Morbi vel lectus in quam fringilla rhoncus.'),
 (279,173,'Vestibulum rutrum rutrum neque.'),
 (280,25,'Donec vitae nisi. Nam ultrices, libero non mattis pulvinar, nulla pede ullamcorper augue, a suscipit nulla elit ac nulla. Sed vel enim sit amet nunc viverra dapibus. Nulla suscipit ligula in lacus. Curabitur at ipsum ac tellus semper interdum. Mauris ullamcorper purus sit amet nulla.'),
 (281,22,'Vestibulum ac est lacinia nisi venenatis tristique. Fusce congue, diam id ornare imperdiet, sapien urna pretium nisl, ut volutpat sapien arcu sed augue.'),
 (282,405,'In quis justo. Maecenas rhoncus aliquam lacus. Morbi quis tortor id nulla ultrices aliquet. Maecenas leo odio, condimentum id, luctus nec, molestie sed, justo. Pellentesque viverra pede ac diam. Cras pellentesque volutpat dui. Maecenas tristique, est et tempus semper, est quam pharetra magna, ac consequat metus sapien ut nunc. Vestibulum ante ipsum primis in faucibus orci luctus et ultrices posuere cubilia Curae; Mauris viverra diam vitae quam.'),
 (283,304,'Mauris enim leo, rhoncus sed, vestibulum sit amet, cursus id, turpis. Integer aliquet, massa id lobortis convallis, tortor risus dapibus augue, vel accumsan tellus nisi eu orci. Mauris lacinia sapien quis libero. Nullam sit amet turpis elementum ligula vehicula consequat. Morbi a ipsum. Integer a nibh. In quis justo.'),
 (284,134,'Quisque id justo sit amet sapien dignissim vestibulum. Vestibulum ante ipsum primis in faucibus orci luctus et ultrices posuere cubilia Curae; Nulla dapibus dolor vel est. Donec odio justo, sollicitudin ut, suscipit a, feugiat et, eros. Vestibulum ac est lacinia nisi venenatis tristique.'),
 (285,196,'Duis mattis egestas metus. Aenean fermentum. Donec ut mauris eget massa tempor convallis. Nulla neque libero, convallis eget, eleifend luctus, ultricies eu, nibh. Quisque id justo sit amet sapien dignissim vestibulum. Vestibulum ante ipsum primis in faucibus orci luctus et ultrices posuere cubilia Curae; Nulla dapibus dolor vel est. Donec odio justo, sollicitudin ut, suscipit a, feugiat et, eros. Vestibulum ac est lacinia nisi venenatis tristique. Fusce congue, diam id ornare imperdiet, sapien urna pretium nisl, ut volutpat sapien arcu sed augue. Aliquam erat volutpat.'),
 (286,120,'Morbi quis tortor id nulla ultrices aliquet. Maecenas leo odio, condimentum id, luctus nec, molestie sed, justo. Pellentesque viverra pede ac diam. Cras pellentesque volutpat dui. Maecenas tristique, est et tempus semper, est quam pharetra magna, ac consequat metus sapien ut nunc. Vestibulum ante ipsum primis in faucibus orci luctus et ultrices posuere cubilia Curae; Mauris viverra diam vitae quam. Suspendisse potenti. Nullam porttitor lacus at turpis. Donec posuere metus vitae ipsum.'),
 (287,171,'Lorem ipsum dolor sit amet, consectetuer adipiscing elit. Proin interdum mauris non ligula pellentesque ultrices. Phasellus id sapien in sapien iaculis congue. Vivamus metus arcu, adipiscing molestie, hendrerit at, vulputate vitae, nisl. Aenean lectus. Pellentesque eget nunc. Donec quis orci eget orci vehicula condimentum.'),
 (288,433,'Aenean lectus. Pellentesque eget nunc. Donec quis orci eget orci vehicula condimentum. Curabitur in libero ut massa volutpat convallis. Morbi odio odio, elementum eu, interdum eu, tincidunt in, leo. Maecenas pulvinar lobortis est. Phasellus sit amet erat.'),
 (289,51,'Donec dapibus. Duis at velit eu est congue elementum. In hac habitasse platea dictumst. Morbi vestibulum, velit id pretium iaculis, diam erat fermentum justo, nec condimentum neque sapien placerat ante. Nulla justo. Aliquam quis turpis eget elit sodales scelerisque. Mauris sit amet eros.'),
 (290,218,'In hac habitasse platea dictumst. Maecenas ut massa quis augue luctus tincidunt.'),
 (291,412,'Lorem ipsum dolor sit amet, consectetuer adipiscing elit. Proin interdum mauris non ligula pellentesque ultrices. Phasellus id sapien in sapien iaculis congue. Vivamus metus arcu, adipiscing molestie, hendrerit at, vulputate vitae, nisl.'),
 (292,69,'Ut tellus. Nulla ut erat id mauris vulputate elementum. Nullam varius. Nulla facilisi. Cras non velit nec nisi vulputate nonummy. Maecenas tincidunt lacus at velit. Vivamus vel nulla eget eros elementum pellentesque.'),
 (293,59,'Proin risus. Praesent lectus.'),
 (294,143,'Proin leo odio, porttitor id, consequat in, consequat ut, nulla.'),
 (295,461,'Curabitur at ipsum ac tellus semper interdum.'),
 (296,391,'Morbi vel lectus in quam fringilla rhoncus. Mauris enim leo, rhoncus sed, vestibulum sit amet, cursus id, turpis. Integer aliquet, massa id lobortis convallis, tortor risus dapibus augue, vel accumsan tellus nisi eu orci. Mauris lacinia sapien quis libero. Nullam sit amet turpis elementum ligula vehicula consequat. Morbi a ipsum. Integer a nibh. In quis justo. Maecenas rhoncus aliquam lacus. Morbi quis tortor id nulla ultrices aliquet.'),
 (297,291,'Cum sociis natoque penatibus et magnis dis parturient montes, nascetur ridiculus mus. Etiam vel augue. Vestibulum rutrum rutrum neque. Aenean auctor gravida sem.'),
 (298,364,'Nulla justo. Aliquam quis turpis eget elit sodales scelerisque. Mauris sit amet eros. Suspendisse accumsan tortor quis turpis. Sed ante. Vivamus tortor. Duis mattis egestas metus. Aenean fermentum. Donec ut mauris eget massa tempor convallis. Nulla neque libero, convallis eget, eleifend luctus, ultricies eu, nibh.'),
 (299,129,'Nam congue, risus semper porta volutpat, quam pede lobortis ligula, sit amet eleifend pede libero quis orci. Nullam molestie nibh in lectus. Pellentesque at nulla.'),
 (300,120,'In est risus, auctor sed, tristique in, tempus sit amet, sem. Fusce consequat. Nulla nisl. Nunc nisl. Duis bibendum, felis sed interdum venenatis, turpis enim blandit mi, in porttitor pede justo eu massa.'),
 (301,106,'Duis ac nibh. Fusce lacus purus, aliquet at, feugiat non, pretium quis, lectus. Suspendisse potenti. In eleifend quam a odio. In hac habitasse platea dictumst. Maecenas ut massa quis augue luctus tincidunt.'),
 (302,196,'Morbi ut odio. Cras mi pede, malesuada in, imperdiet et, commodo vulputate, justo. In blandit ultrices enim. Lorem ipsum dolor sit amet, consectetuer adipiscing elit. Proin interdum mauris non ligula pellentesque ultrices. Phasellus id sapien in sapien iaculis congue. Vivamus metus arcu, adipiscing molestie, hendrerit at, vulputate vitae, nisl. Aenean lectus.'),
 (304,167,'Vestibulum ante ipsum primis in faucibus orci luctus et ultrices posuere cubilia Curae; Duis faucibus accumsan odio. Curabitur convallis. Duis consequat dui nec nisi volutpat eleifend. Donec ut dolor. Morbi vel lectus in quam fringilla rhoncus. Mauris enim leo, rhoncus sed, vestibulum sit amet, cursus id, turpis. Integer aliquet, massa id lobortis convallis, tortor risus dapibus augue, vel accumsan tellus nisi eu orci. Mauris lacinia sapien quis libero.'),
 (305,127,'Suspendisse potenti. In eleifend quam a odio. In hac habitasse platea dictumst. Maecenas ut massa quis augue luctus tincidunt. Nulla mollis molestie lorem. Quisque ut erat. Curabitur gravida nisi at nibh. In hac habitasse platea dictumst.'),
 (306,364,'In eleifend quam a odio. In hac habitasse platea dictumst.'),
 (307,288,'Nulla suscipit ligula in lacus. Curabitur at ipsum ac tellus semper interdum. Mauris ullamcorper purus sit amet nulla. Quisque arcu libero, rutrum ac, lobortis vel, dapibus at, diam. Nam tristique tortor eu pede.'),
 (308,70,'Nulla tempus. Vivamus in felis eu sapien cursus vestibulum. Proin eu mi.'),
 (309,216,'Vivamus in felis eu sapien cursus vestibulum. Proin eu mi. Nulla ac enim. In tempor, turpis nec euismod scelerisque, quam turpis adipiscing lorem, vitae mattis nibh ligula nec sem. Duis aliquam convallis nunc. Proin at turpis a pede posuere nonummy. Integer non velit.'),
 (310,45,'Aliquam quis turpis eget elit sodales scelerisque. Mauris sit amet eros. Suspendisse accumsan tortor quis turpis. Sed ante. Vivamus tortor. Duis mattis egestas metus. Aenean fermentum. Donec ut mauris eget massa tempor convallis.'),
 (311,306,'Proin at turpis a pede posuere nonummy. Integer non velit. Donec diam neque, vestibulum eget, vulputate ut, ultrices vel, augue. Vestibulum ante ipsum primis in faucibus orci luctus et ultrices posuere cubilia Curae; Donec pharetra, magna vestibulum aliquet ultrices, erat tortor sollicitudin mi, sit amet lobortis sapien sapien non mi. Integer ac neque. Duis bibendum.'),
 (312,120,'Maecenas pulvinar lobortis est. Phasellus sit amet erat. Nulla tempus. Vivamus in felis eu sapien cursus vestibulum. Proin eu mi. Nulla ac enim. In tempor, turpis nec euismod scelerisque, quam turpis adipiscing lorem, vitae mattis nibh ligula nec sem. Duis aliquam convallis nunc.'),
 (313,118,'Nulla mollis molestie lorem.'),
 (314,339,'Duis bibendum, felis sed interdum venenatis, turpis enim blandit mi, in porttitor pede justo eu massa. Donec dapibus. Duis at velit eu est congue elementum. In hac habitasse platea dictumst. Morbi vestibulum, velit id pretium iaculis, diam erat fermentum justo, nec condimentum neque sapien placerat ante. Nulla justo.'),
 (315,276,'Vestibulum ante ipsum primis in faucibus orci luctus et ultrices posuere cubilia Curae; Nulla dapibus dolor vel est. Donec odio justo, sollicitudin ut, suscipit a, feugiat et, eros. Vestibulum ac est lacinia nisi venenatis tristique. Fusce congue, diam id ornare imperdiet, sapien urna pretium nisl, ut volutpat sapien arcu sed augue. Aliquam erat volutpat. In congue.'),
 (316,335,'Vivamus vel nulla eget eros elementum pellentesque. Quisque porta volutpat erat. Quisque erat eros, viverra eget, congue eget, semper rutrum, nulla. Nunc purus. Phasellus in felis. Donec semper sapien a libero. Nam dui. Proin leo odio, porttitor id, consequat in, consequat ut, nulla. Sed accumsan felis.'),
 (317,166,'Curabitur in libero ut massa volutpat convallis. Morbi odio odio, elementum eu, interdum eu, tincidunt in, leo. Maecenas pulvinar lobortis est. Phasellus sit amet erat. Nulla tempus. Vivamus in felis eu sapien cursus vestibulum. Proin eu mi. Nulla ac enim. In tempor, turpis nec euismod scelerisque, quam turpis adipiscing lorem, vitae mattis nibh ligula nec sem.'),
 (318,22,'Duis mattis egestas metus. Aenean fermentum. Donec ut mauris eget massa tempor convallis. Nulla neque libero, convallis eget, eleifend luctus, ultricies eu, nibh.'),
 (319,137,'Vestibulum sed magna at nunc commodo placerat. Praesent blandit. Nam nulla. Integer pede justo, lacinia eget, tincidunt eget, tempus vel, pede. Morbi porttitor lorem id ligula. Suspendisse ornare consequat lectus. In est risus, auctor sed, tristique in, tempus sit amet, sem. Fusce consequat. Nulla nisl.'),
 (320,122,'Etiam vel augue. Vestibulum rutrum rutrum neque. Aenean auctor gravida sem. Praesent id massa id nisl venenatis lacinia. Aenean sit amet justo. Morbi ut odio. Cras mi pede, malesuada in, imperdiet et, commodo vulputate, justo. In blandit ultrices enim. Lorem ipsum dolor sit amet, consectetuer adipiscing elit. Proin interdum mauris non ligula pellentesque ultrices.'),
 (321,207,'Duis ac nibh. Fusce lacus purus, aliquet at, feugiat non, pretium quis, lectus.'),
 (322,391,'In hac habitasse platea dictumst. Morbi vestibulum, velit id pretium iaculis, diam erat fermentum justo, nec condimentum neque sapien placerat ante.'),
 (323,205,'In hac habitasse platea dictumst. Morbi vestibulum, velit id pretium iaculis, diam erat fermentum justo, nec condimentum neque sapien placerat ante. Nulla justo. Aliquam quis turpis eget elit sodales scelerisque. Mauris sit amet eros. Suspendisse accumsan tortor quis turpis. Sed ante. Vivamus tortor.'),
 (324,110,'Morbi sem mauris, laoreet ut, rhoncus aliquet, pulvinar sed, nisl. Nunc rhoncus dui vel sem. Sed sagittis. Nam congue, risus semper porta volutpat, quam pede lobortis ligula, sit amet eleifend pede libero quis orci. Nullam molestie nibh in lectus.'),
 (325,161,'Praesent blandit. Nam nulla. Integer pede justo, lacinia eget, tincidunt eget, tempus vel, pede. Morbi porttitor lorem id ligula. Suspendisse ornare consequat lectus. In est risus, auctor sed, tristique in, tempus sit amet, sem. Fusce consequat. Nulla nisl. Nunc nisl. Duis bibendum, felis sed interdum venenatis, turpis enim blandit mi, in porttitor pede justo eu massa.'),
 (326,480,'Pellentesque at nulla. Suspendisse potenti. Cras in purus eu magna vulputate luctus. Cum sociis natoque penatibus et magnis dis parturient montes, nascetur ridiculus mus. Vivamus vestibulum sagittis sapien. Cum sociis natoque penatibus et magnis dis parturient montes, nascetur ridiculus mus.'),
 (327,210,'Aenean lectus. Pellentesque eget nunc. Donec quis orci eget orci vehicula condimentum. Curabitur in libero ut massa volutpat convallis. Morbi odio odio, elementum eu, interdum eu, tincidunt in, leo. Maecenas pulvinar lobortis est. Phasellus sit amet erat. Nulla tempus. Vivamus in felis eu sapien cursus vestibulum. Proin eu mi.'),
 (328,69,'Phasellus in felis. Donec semper sapien a libero. Nam dui. Proin leo odio, porttitor id, consequat in, consequat ut, nulla. Sed accumsan felis. Ut at dolor quis odio consequat varius. Integer ac leo. Pellentesque ultrices mattis odio. Donec vitae nisi. Nam ultrices, libero non mattis pulvinar, nulla pede ullamcorper augue, a suscipit nulla elit ac nulla.'),
 (329,222,'Nulla justo. Aliquam quis turpis eget elit sodales scelerisque. Mauris sit amet eros. Suspendisse accumsan tortor quis turpis.'),
 (330,88,'Curabitur in libero ut massa volutpat convallis. Morbi odio odio, elementum eu, interdum eu, tincidunt in, leo. Maecenas pulvinar lobortis est. Phasellus sit amet erat. Nulla tempus. Vivamus in felis eu sapien cursus vestibulum. Proin eu mi.'),
 (331,327,'Curabitur in libero ut massa volutpat convallis. Morbi odio odio, elementum eu, interdum eu, tincidunt in, leo. Maecenas pulvinar lobortis est. Phasellus sit amet erat. Nulla tempus.'),
 (332,436,'Maecenas rhoncus aliquam lacus. Morbi quis tortor id nulla ultrices aliquet. Maecenas leo odio, condimentum id, luctus nec, molestie sed, justo. Pellentesque viverra pede ac diam. Cras pellentesque volutpat dui. Maecenas tristique, est et tempus semper, est quam pharetra magna, ac consequat metus sapien ut nunc. Vestibulum ante ipsum primis in faucibus orci luctus et ultrices posuere cubilia Curae; Mauris viverra diam vitae quam.'),
 (333,115,'In est risus, auctor sed, tristique in, tempus sit amet, sem. Fusce consequat. Nulla nisl. Nunc nisl. Duis bibendum, felis sed interdum venenatis, turpis enim blandit mi, in porttitor pede justo eu massa. Donec dapibus. Duis at velit eu est congue elementum. In hac habitasse platea dictumst.'),
 (334,486,'Morbi non quam nec dui luctus rutrum. Nulla tellus. In sagittis dui vel nisl.'),
 (335,141,'Donec dapibus. Duis at velit eu est congue elementum. In hac habitasse platea dictumst. Morbi vestibulum, velit id pretium iaculis, diam erat fermentum justo, nec condimentum neque sapien placerat ante. Nulla justo.'),
 (336,328,'In tempor, turpis nec euismod scelerisque, quam turpis adipiscing lorem, vitae mattis nibh ligula nec sem. Duis aliquam convallis nunc. Proin at turpis a pede posuere nonummy. Integer non velit. Donec diam neque, vestibulum eget, vulputate ut, ultrices vel, augue. Vestibulum ante ipsum primis in faucibus orci luctus et ultrices posuere cubilia Curae; Donec pharetra, magna vestibulum aliquet ultrices, erat tortor sollicitudin mi, sit amet lobortis sapien sapien non mi. Integer ac neque.'),
 (337,414,'Aliquam quis turpis eget elit sodales scelerisque. Mauris sit amet eros. Suspendisse accumsan tortor quis turpis. Sed ante. Vivamus tortor. Duis mattis egestas metus.'),
 (338,130,'Phasellus sit amet erat. Nulla tempus.'),
 (339,115,'Duis bibendum. Morbi non quam nec dui luctus rutrum. Nulla tellus. In sagittis dui vel nisl. Duis ac nibh. Fusce lacus purus, aliquet at, feugiat non, pretium quis, lectus.'),
 (340,468,'Lorem ipsum dolor sit amet, consectetuer adipiscing elit. Proin risus. Praesent lectus. Vestibulum quam sapien, varius ut, blandit non, interdum in, ante. Vestibulum ante ipsum primis in faucibus orci luctus et ultrices posuere cubilia Curae; Duis faucibus accumsan odio. Curabitur convallis.'),
 (341,302,'Mauris sit amet eros. Suspendisse accumsan tortor quis turpis. Sed ante.'),
 (342,338,'Etiam faucibus cursus urna. Ut tellus. Nulla ut erat id mauris vulputate elementum. Nullam varius. Nulla facilisi. Cras non velit nec nisi vulputate nonummy. Maecenas tincidunt lacus at velit. Vivamus vel nulla eget eros elementum pellentesque. Quisque porta volutpat erat.'),
 (343,230,'Morbi a ipsum. Integer a nibh. In quis justo.'),
 (344,219,'In eleifend quam a odio. In hac habitasse platea dictumst. Maecenas ut massa quis augue luctus tincidunt. Nulla mollis molestie lorem. Quisque ut erat. Curabitur gravida nisi at nibh. In hac habitasse platea dictumst. Aliquam augue quam, sollicitudin vitae, consectetuer eget, rutrum at, lorem. Integer tincidunt ante vel ipsum.'),
 (345,25,'Vestibulum ante ipsum primis in faucibus orci luctus et ultrices posuere cubilia Curae; Mauris viverra diam vitae quam. Suspendisse potenti. Nullam porttitor lacus at turpis. Donec posuere metus vitae ipsum. Aliquam non mauris. Morbi non lectus. Aliquam sit amet diam in magna bibendum imperdiet.'),
 (346,154,'Cras non velit nec nisi vulputate nonummy. Maecenas tincidunt lacus at velit. Vivamus vel nulla eget eros elementum pellentesque.'),
 (347,206,'Etiam pretium iaculis justo. In hac habitasse platea dictumst.'),
 (348,287,'Vivamus vel nulla eget eros elementum pellentesque. Quisque porta volutpat erat. Quisque erat eros, viverra eget, congue eget, semper rutrum, nulla. Nunc purus. Phasellus in felis. Donec semper sapien a libero. Nam dui.'),
 (349,182,'Maecenas tristique, est et tempus semper, est quam pharetra magna, ac consequat metus sapien ut nunc.'),
 (350,81,'Lorem ipsum dolor sit amet, consectetuer adipiscing elit. Proin interdum mauris non ligula pellentesque ultrices.'),
 (351,100,'Nam ultrices, libero non mattis pulvinar, nulla pede ullamcorper augue, a suscipit nulla elit ac nulla. Sed vel enim sit amet nunc viverra dapibus.'),
 (352,8,'Duis bibendum, felis sed interdum venenatis, turpis enim blandit mi, in porttitor pede justo eu massa. Donec dapibus. Duis at velit eu est congue elementum. In hac habitasse platea dictumst. Morbi vestibulum, velit id pretium iaculis, diam erat fermentum justo, nec condimentum neque sapien placerat ante. Nulla justo. Aliquam quis turpis eget elit sodales scelerisque. Mauris sit amet eros.'),
 (353,446,'Maecenas pulvinar lobortis est. Phasellus sit amet erat. Nulla tempus. Vivamus in felis eu sapien cursus vestibulum. Proin eu mi. Nulla ac enim. In tempor, turpis nec euismod scelerisque, quam turpis adipiscing lorem, vitae mattis nibh ligula nec sem. Duis aliquam convallis nunc. Proin at turpis a pede posuere nonummy. Integer non velit.'),
 (354,262,'Donec ut mauris eget massa tempor convallis.'),
 (355,378,'Quisque ut erat. Curabitur gravida nisi at nibh. In hac habitasse platea dictumst. Aliquam augue quam, sollicitudin vitae, consectetuer eget, rutrum at, lorem. Integer tincidunt ante vel ipsum. Praesent blandit lacinia erat. Vestibulum sed magna at nunc commodo placerat. Praesent blandit. Nam nulla. Integer pede justo, lacinia eget, tincidunt eget, tempus vel, pede.'),
 (356,33,'Nullam orci pede, venenatis non, sodales sed, tincidunt eu, felis. Fusce posuere felis sed lacus. Morbi sem mauris, laoreet ut, rhoncus aliquet, pulvinar sed, nisl. Nunc rhoncus dui vel sem. Sed sagittis. Nam congue, risus semper porta volutpat, quam pede lobortis ligula, sit amet eleifend pede libero quis orci.'),
 (357,349,'Mauris ullamcorper purus sit amet nulla. Quisque arcu libero, rutrum ac, lobortis vel, dapibus at, diam. Nam tristique tortor eu pede.'),
 (358,434,'Vivamus metus arcu, adipiscing molestie, hendrerit at, vulputate vitae, nisl. Aenean lectus. Pellentesque eget nunc. Donec quis orci eget orci vehicula condimentum. Curabitur in libero ut massa volutpat convallis.'),
 (359,7,'In hac habitasse platea dictumst. Etiam faucibus cursus urna. Ut tellus. Nulla ut erat id mauris vulputate elementum.'),
 (360,3,'Duis consequat dui nec nisi volutpat eleifend. Donec ut dolor. Morbi vel lectus in quam fringilla rhoncus. Mauris enim leo, rhoncus sed, vestibulum sit amet, cursus id, turpis. Integer aliquet, massa id lobortis convallis, tortor risus dapibus augue, vel accumsan tellus nisi eu orci. Mauris lacinia sapien quis libero. Nullam sit amet turpis elementum ligula vehicula consequat.'),
 (361,281,'Duis bibendum.'),
 (362,440,'Cum sociis natoque penatibus et magnis dis parturient montes, nascetur ridiculus mus. Etiam vel augue. Vestibulum rutrum rutrum neque. Aenean auctor gravida sem. Praesent id massa id nisl venenatis lacinia. Aenean sit amet justo. Morbi ut odio. Cras mi pede, malesuada in, imperdiet et, commodo vulputate, justo. In blandit ultrices enim.'),
 (363,435,'Donec ut mauris eget massa tempor convallis. Nulla neque libero, convallis eget, eleifend luctus, ultricies eu, nibh. Quisque id justo sit amet sapien dignissim vestibulum. Vestibulum ante ipsum primis in faucibus orci luctus et ultrices posuere cubilia Curae; Nulla dapibus dolor vel est.'),
 (365,19,'Sed vel enim sit amet nunc viverra dapibus. Nulla suscipit ligula in lacus. Curabitur at ipsum ac tellus semper interdum. Mauris ullamcorper purus sit amet nulla. Quisque arcu libero, rutrum ac, lobortis vel, dapibus at, diam.'),
 (366,439,'In tempor, turpis nec euismod scelerisque, quam turpis adipiscing lorem, vitae mattis nibh ligula nec sem. Duis aliquam convallis nunc.'),
 (367,207,'Sed vel enim sit amet nunc viverra dapibus. Nulla suscipit ligula in lacus. Curabitur at ipsum ac tellus semper interdum. Mauris ullamcorper purus sit amet nulla. Quisque arcu libero, rutrum ac, lobortis vel, dapibus at, diam. Nam tristique tortor eu pede.'),
 (368,326,'Integer tincidunt ante vel ipsum. Praesent blandit lacinia erat.'),
 (369,223,'Morbi vel lectus in quam fringilla rhoncus. Mauris enim leo, rhoncus sed, vestibulum sit amet, cursus id, turpis. Integer aliquet, massa id lobortis convallis, tortor risus dapibus augue, vel accumsan tellus nisi eu orci. Mauris lacinia sapien quis libero. Nullam sit amet turpis elementum ligula vehicula consequat. Morbi a ipsum. Integer a nibh. In quis justo. Maecenas rhoncus aliquam lacus.'),
 (370,108,'Suspendisse potenti. Nullam porttitor lacus at turpis. Donec posuere metus vitae ipsum.'),
 (371,404,'Donec ut mauris eget massa tempor convallis. Nulla neque libero, convallis eget, eleifend luctus, ultricies eu, nibh. Quisque id justo sit amet sapien dignissim vestibulum. Vestibulum ante ipsum primis in faucibus orci luctus et ultrices posuere cubilia Curae; Nulla dapibus dolor vel est. Donec odio justo, sollicitudin ut, suscipit a, feugiat et, eros. Vestibulum ac est lacinia nisi venenatis tristique. Fusce congue, diam id ornare imperdiet, sapien urna pretium nisl, ut volutpat sapien arcu sed augue.'),
 (372,235,'Nulla ut erat id mauris vulputate elementum. Nullam varius. Nulla facilisi. Cras non velit nec nisi vulputate nonummy. Maecenas tincidunt lacus at velit. Vivamus vel nulla eget eros elementum pellentesque. Quisque porta volutpat erat. Quisque erat eros, viverra eget, congue eget, semper rutrum, nulla. Nunc purus.'),
 (373,459,'Cras in purus eu magna vulputate luctus. Cum sociis natoque penatibus et magnis dis parturient montes, nascetur ridiculus mus. Vivamus vestibulum sagittis sapien. Cum sociis natoque penatibus et magnis dis parturient montes, nascetur ridiculus mus.'),
 (374,313,'Nunc rhoncus dui vel sem.'),
 (375,462,'Maecenas ut massa quis augue luctus tincidunt. Nulla mollis molestie lorem. Quisque ut erat. Curabitur gravida nisi at nibh. In hac habitasse platea dictumst.'),
 (376,438,'Vestibulum sed magna at nunc commodo placerat. Praesent blandit. Nam nulla.'),
 (377,201,'Proin risus. Praesent lectus. Vestibulum quam sapien, varius ut, blandit non, interdum in, ante. Vestibulum ante ipsum primis in faucibus orci luctus et ultrices posuere cubilia Curae; Duis faucibus accumsan odio.'),
 (378,293,'Donec ut dolor. Morbi vel lectus in quam fringilla rhoncus. Mauris enim leo, rhoncus sed, vestibulum sit amet, cursus id, turpis. Integer aliquet, massa id lobortis convallis, tortor risus dapibus augue, vel accumsan tellus nisi eu orci. Mauris lacinia sapien quis libero. Nullam sit amet turpis elementum ligula vehicula consequat. Morbi a ipsum. Integer a nibh. In quis justo. Maecenas rhoncus aliquam lacus.'),
 (379,204,'Duis aliquam convallis nunc. Proin at turpis a pede posuere nonummy. Integer non velit. Donec diam neque, vestibulum eget, vulputate ut, ultrices vel, augue. Vestibulum ante ipsum primis in faucibus orci luctus et ultrices posuere cubilia Curae; Donec pharetra, magna vestibulum aliquet ultrices, erat tortor sollicitudin mi, sit amet lobortis sapien sapien non mi. Integer ac neque. Duis bibendum. Morbi non quam nec dui luctus rutrum.'),
 (380,464,'Morbi sem mauris, laoreet ut, rhoncus aliquet, pulvinar sed, nisl. Nunc rhoncus dui vel sem. Sed sagittis. Nam congue, risus semper porta volutpat, quam pede lobortis ligula, sit amet eleifend pede libero quis orci. Nullam molestie nibh in lectus. Pellentesque at nulla. Suspendisse potenti. Cras in purus eu magna vulputate luctus. Cum sociis natoque penatibus et magnis dis parturient montes, nascetur ridiculus mus. Vivamus vestibulum sagittis sapien.'),
 (381,315,'Morbi odio odio, elementum eu, interdum eu, tincidunt in, leo. Maecenas pulvinar lobortis est. Phasellus sit amet erat.'),
 (382,85,'Duis bibendum. Morbi non quam nec dui luctus rutrum. Nulla tellus. In sagittis dui vel nisl. Duis ac nibh. Fusce lacus purus, aliquet at, feugiat non, pretium quis, lectus.'),
 (383,392,'Pellentesque ultrices mattis odio. Donec vitae nisi. Nam ultrices, libero non mattis pulvinar, nulla pede ullamcorper augue, a suscipit nulla elit ac nulla. Sed vel enim sit amet nunc viverra dapibus. Nulla suscipit ligula in lacus. Curabitur at ipsum ac tellus semper interdum.'),
 (384,147,'Sed ante. Vivamus tortor. Duis mattis egestas metus. Aenean fermentum. Donec ut mauris eget massa tempor convallis. Nulla neque libero, convallis eget, eleifend luctus, ultricies eu, nibh. Quisque id justo sit amet sapien dignissim vestibulum.'),
 (385,249,'Phasellus in felis.'),
 (386,50,'In congue. Etiam justo. Etiam pretium iaculis justo. In hac habitasse platea dictumst. Etiam faucibus cursus urna.'),
 (387,110,'Vestibulum ac est lacinia nisi venenatis tristique. Fusce congue, diam id ornare imperdiet, sapien urna pretium nisl, ut volutpat sapien arcu sed augue. Aliquam erat volutpat. In congue. Etiam justo. Etiam pretium iaculis justo.'),
 (388,180,'Fusce congue, diam id ornare imperdiet, sapien urna pretium nisl, ut volutpat sapien arcu sed augue. Aliquam erat volutpat. In congue.'),
 (389,370,'In est risus, auctor sed, tristique in, tempus sit amet, sem. Fusce consequat. Nulla nisl. Nunc nisl. Duis bibendum, felis sed interdum venenatis, turpis enim blandit mi, in porttitor pede justo eu massa. Donec dapibus. Duis at velit eu est congue elementum. In hac habitasse platea dictumst.'),
 (390,269,'Aenean lectus. Pellentesque eget nunc. Donec quis orci eget orci vehicula condimentum. Curabitur in libero ut massa volutpat convallis. Morbi odio odio, elementum eu, interdum eu, tincidunt in, leo. Maecenas pulvinar lobortis est. Phasellus sit amet erat. Nulla tempus.'),
 (391,454,'Mauris ullamcorper purus sit amet nulla. Quisque arcu libero, rutrum ac, lobortis vel, dapibus at, diam. Nam tristique tortor eu pede.'),
 (392,240,'Suspendisse ornare consequat lectus. In est risus, auctor sed, tristique in, tempus sit amet, sem.'),
 (393,84,'In hac habitasse platea dictumst. Morbi vestibulum, velit id pretium iaculis, diam erat fermentum justo, nec condimentum neque sapien placerat ante. Nulla justo. Aliquam quis turpis eget elit sodales scelerisque. Mauris sit amet eros. Suspendisse accumsan tortor quis turpis. Sed ante. Vivamus tortor.'),
 (394,9,'Etiam pretium iaculis justo. In hac habitasse platea dictumst. Etiam faucibus cursus urna. Ut tellus. Nulla ut erat id mauris vulputate elementum. Nullam varius. Nulla facilisi.'),
 (395,431,'Cras in purus eu magna vulputate luctus. Cum sociis natoque penatibus et magnis dis parturient montes, nascetur ridiculus mus. Vivamus vestibulum sagittis sapien. Cum sociis natoque penatibus et magnis dis parturient montes, nascetur ridiculus mus.'),
 (396,310,'Nulla justo. Aliquam quis turpis eget elit sodales scelerisque. Mauris sit amet eros. Suspendisse accumsan tortor quis turpis. Sed ante. Vivamus tortor. Duis mattis egestas metus. Aenean fermentum. Donec ut mauris eget massa tempor convallis.'),
 (397,182,'Nullam orci pede, venenatis non, sodales sed, tincidunt eu, felis. Fusce posuere felis sed lacus. Morbi sem mauris, laoreet ut, rhoncus aliquet, pulvinar sed, nisl. Nunc rhoncus dui vel sem. Sed sagittis. Nam congue, risus semper porta volutpat, quam pede lobortis ligula, sit amet eleifend pede libero quis orci. Nullam molestie nibh in lectus. Pellentesque at nulla. Suspendisse potenti.'),
 (398,174,'Nulla tempus.'),
 (399,260,'Cras non velit nec nisi vulputate nonummy. Maecenas tincidunt lacus at velit. Vivamus vel nulla eget eros elementum pellentesque. Quisque porta volutpat erat. Quisque erat eros, viverra eget, congue eget, semper rutrum, nulla. Nunc purus. Phasellus in felis. Donec semper sapien a libero. Nam dui.'),
 (400,289,'Vestibulum quam sapien, varius ut, blandit non, interdum in, ante. Vestibulum ante ipsum primis in faucibus orci luctus et ultrices posuere cubilia Curae; Duis faucibus accumsan odio. Curabitur convallis. Duis consequat dui nec nisi volutpat eleifend. Donec ut dolor.'),
 (401,231,'Duis bibendum, felis sed interdum venenatis, turpis enim blandit mi, in porttitor pede justo eu massa. Donec dapibus.'),
 (402,54,'Nulla ac enim. In tempor, turpis nec euismod scelerisque, quam turpis adipiscing lorem, vitae mattis nibh ligula nec sem.'),
 (403,435,'Integer ac neque. Duis bibendum. Morbi non quam nec dui luctus rutrum. Nulla tellus. In sagittis dui vel nisl. Duis ac nibh. Fusce lacus purus, aliquet at, feugiat non, pretium quis, lectus. Suspendisse potenti.'),
 (404,99,'Fusce consequat. Nulla nisl. Nunc nisl. Duis bibendum, felis sed interdum venenatis, turpis enim blandit mi, in porttitor pede justo eu massa. Donec dapibus.'),
 (406,407,'Duis at velit eu est congue elementum. In hac habitasse platea dictumst. Morbi vestibulum, velit id pretium iaculis, diam erat fermentum justo, nec condimentum neque sapien placerat ante. Nulla justo. Aliquam quis turpis eget elit sodales scelerisque. Mauris sit amet eros. Suspendisse accumsan tortor quis turpis. Sed ante.'),
 (407,71,'Quisque porta volutpat erat. Quisque erat eros, viverra eget, congue eget, semper rutrum, nulla. Nunc purus. Phasellus in felis.'),
 (408,131,'Proin at turpis a pede posuere nonummy. Integer non velit. Donec diam neque, vestibulum eget, vulputate ut, ultrices vel, augue. Vestibulum ante ipsum primis in faucibus orci luctus et ultrices posuere cubilia Curae; Donec pharetra, magna vestibulum aliquet ultrices, erat tortor sollicitudin mi, sit amet lobortis sapien sapien non mi. Integer ac neque. Duis bibendum.'),
 (409,318,'Curabitur gravida nisi at nibh. In hac habitasse platea dictumst. Aliquam augue quam, sollicitudin vitae, consectetuer eget, rutrum at, lorem. Integer tincidunt ante vel ipsum. Praesent blandit lacinia erat. Vestibulum sed magna at nunc commodo placerat. Praesent blandit. Nam nulla. Integer pede justo, lacinia eget, tincidunt eget, tempus vel, pede.'),
 (410,130,'Cum sociis natoque penatibus et magnis dis parturient montes, nascetur ridiculus mus. Etiam vel augue. Vestibulum rutrum rutrum neque. Aenean auctor gravida sem. Praesent id massa id nisl venenatis lacinia. Aenean sit amet justo.'),
 (411,299,'Mauris enim leo, rhoncus sed, vestibulum sit amet, cursus id, turpis. Integer aliquet, massa id lobortis convallis, tortor risus dapibus augue, vel accumsan tellus nisi eu orci. Mauris lacinia sapien quis libero.'),
 (412,461,'Proin eu mi. Nulla ac enim. In tempor, turpis nec euismod scelerisque, quam turpis adipiscing lorem, vitae mattis nibh ligula nec sem.'),
 (413,322,'Cras in purus eu magna vulputate luctus. Cum sociis natoque penatibus et magnis dis parturient montes, nascetur ridiculus mus. Vivamus vestibulum sagittis sapien. Cum sociis natoque penatibus et magnis dis parturient montes, nascetur ridiculus mus. Etiam vel augue. Vestibulum rutrum rutrum neque. Aenean auctor gravida sem.'),
 (414,359,'Nulla mollis molestie lorem. Quisque ut erat. Curabitur gravida nisi at nibh. In hac habitasse platea dictumst. Aliquam augue quam, sollicitudin vitae, consectetuer eget, rutrum at, lorem. Integer tincidunt ante vel ipsum. Praesent blandit lacinia erat. Vestibulum sed magna at nunc commodo placerat.'),
 (415,348,'Quisque arcu libero, rutrum ac, lobortis vel, dapibus at, diam.'),
 (416,474,'Nullam varius.'),
 (417,468,'Vestibulum ante ipsum primis in faucibus orci luctus et ultrices posuere cubilia Curae; Duis faucibus accumsan odio. Curabitur convallis. Duis consequat dui nec nisi volutpat eleifend. Donec ut dolor. Morbi vel lectus in quam fringilla rhoncus. Mauris enim leo, rhoncus sed, vestibulum sit amet, cursus id, turpis.'),
 (418,288,'Aliquam quis turpis eget elit sodales scelerisque. Mauris sit amet eros. Suspendisse accumsan tortor quis turpis. Sed ante. Vivamus tortor.'),
 (419,126,'Nulla tellus. In sagittis dui vel nisl. Duis ac nibh. Fusce lacus purus, aliquet at, feugiat non, pretium quis, lectus. Suspendisse potenti.'),
 (420,484,'Pellentesque at nulla. Suspendisse potenti. Cras in purus eu magna vulputate luctus. Cum sociis natoque penatibus et magnis dis parturient montes, nascetur ridiculus mus. Vivamus vestibulum sagittis sapien. Cum sociis natoque penatibus et magnis dis parturient montes, nascetur ridiculus mus. Etiam vel augue.'),
 (421,131,'Praesent lectus. Vestibulum quam sapien, varius ut, blandit non, interdum in, ante.'),
 (422,412,'Integer ac neque. Duis bibendum. Morbi non quam nec dui luctus rutrum. Nulla tellus.'),
 (423,318,'Proin leo odio, porttitor id, consequat in, consequat ut, nulla. Sed accumsan felis. Ut at dolor quis odio consequat varius. Integer ac leo. Pellentesque ultrices mattis odio. Donec vitae nisi. Nam ultrices, libero non mattis pulvinar, nulla pede ullamcorper augue, a suscipit nulla elit ac nulla. Sed vel enim sit amet nunc viverra dapibus. Nulla suscipit ligula in lacus. Curabitur at ipsum ac tellus semper interdum.'),
 (424,151,'Maecenas pulvinar lobortis est. Phasellus sit amet erat. Nulla tempus. Vivamus in felis eu sapien cursus vestibulum. Proin eu mi. Nulla ac enim. In tempor, turpis nec euismod scelerisque, quam turpis adipiscing lorem, vitae mattis nibh ligula nec sem. Duis aliquam convallis nunc. Proin at turpis a pede posuere nonummy. Integer non velit.'),
 (425,372,'Morbi non lectus. Aliquam sit amet diam in magna bibendum imperdiet. Nullam orci pede, venenatis non, sodales sed, tincidunt eu, felis. Fusce posuere felis sed lacus. Morbi sem mauris, laoreet ut, rhoncus aliquet, pulvinar sed, nisl. Nunc rhoncus dui vel sem. Sed sagittis.'),
 (426,42,'Integer ac neque. Duis bibendum. Morbi non quam nec dui luctus rutrum. Nulla tellus. In sagittis dui vel nisl.'),
 (427,300,'Nulla justo. Aliquam quis turpis eget elit sodales scelerisque. Mauris sit amet eros.'),
 (428,425,'Aenean sit amet justo. Morbi ut odio. Cras mi pede, malesuada in, imperdiet et, commodo vulputate, justo. In blandit ultrices enim. Lorem ipsum dolor sit amet, consectetuer adipiscing elit. Proin interdum mauris non ligula pellentesque ultrices. Phasellus id sapien in sapien iaculis congue. Vivamus metus arcu, adipiscing molestie, hendrerit at, vulputate vitae, nisl. Aenean lectus.'),
 (429,31,'Cras non velit nec nisi vulputate nonummy. Maecenas tincidunt lacus at velit. Vivamus vel nulla eget eros elementum pellentesque. Quisque porta volutpat erat. Quisque erat eros, viverra eget, congue eget, semper rutrum, nulla. Nunc purus. Phasellus in felis. Donec semper sapien a libero. Nam dui.'),
 (430,120,'In hac habitasse platea dictumst. Aliquam augue quam, sollicitudin vitae, consectetuer eget, rutrum at, lorem. Integer tincidunt ante vel ipsum. Praesent blandit lacinia erat. Vestibulum sed magna at nunc commodo placerat. Praesent blandit. Nam nulla. Integer pede justo, lacinia eget, tincidunt eget, tempus vel, pede. Morbi porttitor lorem id ligula. Suspendisse ornare consequat lectus.'),
 (431,1,'Nullam varius. Nulla facilisi.'),
 (432,281,'Morbi non quam nec dui luctus rutrum. Nulla tellus. In sagittis dui vel nisl.'),
 (433,338,'Fusce congue, diam id ornare imperdiet, sapien urna pretium nisl, ut volutpat sapien arcu sed augue. Aliquam erat volutpat. In congue. Etiam justo.'),
 (434,455,'Vivamus tortor. Duis mattis egestas metus. Aenean fermentum. Donec ut mauris eget massa tempor convallis. Nulla neque libero, convallis eget, eleifend luctus, ultricies eu, nibh. Quisque id justo sit amet sapien dignissim vestibulum. Vestibulum ante ipsum primis in faucibus orci luctus et ultrices posuere cubilia Curae; Nulla dapibus dolor vel est.'),
 (435,259,'Pellentesque eget nunc. Donec quis orci eget orci vehicula condimentum. Curabitur in libero ut massa volutpat convallis. Morbi odio odio, elementum eu, interdum eu, tincidunt in, leo. Maecenas pulvinar lobortis est. Phasellus sit amet erat. Nulla tempus. Vivamus in felis eu sapien cursus vestibulum.'),
 (436,478,'Aliquam non mauris. Morbi non lectus. Aliquam sit amet diam in magna bibendum imperdiet. Nullam orci pede, venenatis non, sodales sed, tincidunt eu, felis. Fusce posuere felis sed lacus. Morbi sem mauris, laoreet ut, rhoncus aliquet, pulvinar sed, nisl. Nunc rhoncus dui vel sem. Sed sagittis.'),
 (437,376,'Integer ac leo. Pellentesque ultrices mattis odio. Donec vitae nisi.'),
 (438,336,'Donec semper sapien a libero. Nam dui. Proin leo odio, porttitor id, consequat in, consequat ut, nulla. Sed accumsan felis. Ut at dolor quis odio consequat varius. Integer ac leo. Pellentesque ultrices mattis odio. Donec vitae nisi. Nam ultrices, libero non mattis pulvinar, nulla pede ullamcorper augue, a suscipit nulla elit ac nulla.'),
 (439,367,'Vivamus metus arcu, adipiscing molestie, hendrerit at, vulputate vitae, nisl. Aenean lectus.'),
 (440,168,'Nulla tempus.'),
 (441,362,'Nulla tellus. In sagittis dui vel nisl. Duis ac nibh. Fusce lacus purus, aliquet at, feugiat non, pretium quis, lectus.'),
 (442,386,'Etiam vel augue. Vestibulum rutrum rutrum neque. Aenean auctor gravida sem. Praesent id massa id nisl venenatis lacinia. Aenean sit amet justo. Morbi ut odio. Cras mi pede, malesuada in, imperdiet et, commodo vulputate, justo. In blandit ultrices enim. Lorem ipsum dolor sit amet, consectetuer adipiscing elit.'),
 (443,339,'Morbi porttitor lorem id ligula. Suspendisse ornare consequat lectus. In est risus, auctor sed, tristique in, tempus sit amet, sem.'),
 (444,384,'Nam nulla. Integer pede justo, lacinia eget, tincidunt eget, tempus vel, pede. Morbi porttitor lorem id ligula. Suspendisse ornare consequat lectus.'),
 (445,15,'Nullam porttitor lacus at turpis. Donec posuere metus vitae ipsum.'),
 (446,332,'Morbi non lectus. Aliquam sit amet diam in magna bibendum imperdiet. Nullam orci pede, venenatis non, sodales sed, tincidunt eu, felis. Fusce posuere felis sed lacus. Morbi sem mauris, laoreet ut, rhoncus aliquet, pulvinar sed, nisl. Nunc rhoncus dui vel sem. Sed sagittis. Nam congue, risus semper porta volutpat, quam pede lobortis ligula, sit amet eleifend pede libero quis orci. Nullam molestie nibh in lectus. Pellentesque at nulla.'),
 (447,239,'Lorem ipsum dolor sit amet, consectetuer adipiscing elit. Proin interdum mauris non ligula pellentesque ultrices. Phasellus id sapien in sapien iaculis congue. Vivamus metus arcu, adipiscing molestie, hendrerit at, vulputate vitae, nisl. Aenean lectus. Pellentesque eget nunc.'),
 (448,259,'Morbi a ipsum. Integer a nibh. In quis justo.'),
 (449,142,'Duis at velit eu est congue elementum. In hac habitasse platea dictumst. Morbi vestibulum, velit id pretium iaculis, diam erat fermentum justo, nec condimentum neque sapien placerat ante. Nulla justo.'),
 (450,122,'Fusce consequat.'),
 (451,426,'Nulla justo. Aliquam quis turpis eget elit sodales scelerisque. Mauris sit amet eros. Suspendisse accumsan tortor quis turpis. Sed ante. Vivamus tortor. Duis mattis egestas metus. Aenean fermentum. Donec ut mauris eget massa tempor convallis. Nulla neque libero, convallis eget, eleifend luctus, ultricies eu, nibh.'),
 (452,470,'Nam dui. Proin leo odio, porttitor id, consequat in, consequat ut, nulla. Sed accumsan felis. Ut at dolor quis odio consequat varius. Integer ac leo. Pellentesque ultrices mattis odio. Donec vitae nisi. Nam ultrices, libero non mattis pulvinar, nulla pede ullamcorper augue, a suscipit nulla elit ac nulla.'),
 (453,189,'Vivamus tortor. Duis mattis egestas metus. Aenean fermentum. Donec ut mauris eget massa tempor convallis. Nulla neque libero, convallis eget, eleifend luctus, ultricies eu, nibh. Quisque id justo sit amet sapien dignissim vestibulum. Vestibulum ante ipsum primis in faucibus orci luctus et ultrices posuere cubilia Curae; Nulla dapibus dolor vel est. Donec odio justo, sollicitudin ut, suscipit a, feugiat et, eros. Vestibulum ac est lacinia nisi venenatis tristique.'),
 (454,111,'Integer a nibh. In quis justo. Maecenas rhoncus aliquam lacus. Morbi quis tortor id nulla ultrices aliquet. Maecenas leo odio, condimentum id, luctus nec, molestie sed, justo. Pellentesque viverra pede ac diam. Cras pellentesque volutpat dui. Maecenas tristique, est et tempus semper, est quam pharetra magna, ac consequat metus sapien ut nunc. Vestibulum ante ipsum primis in faucibus orci luctus et ultrices posuere cubilia Curae; Mauris viverra diam vitae quam. Suspendisse potenti.'),
 (455,198,'Fusce congue, diam id ornare imperdiet, sapien urna pretium nisl, ut volutpat sapien arcu sed augue. Aliquam erat volutpat.'),
 (456,476,'Nullam orci pede, venenatis non, sodales sed, tincidunt eu, felis. Fusce posuere felis sed lacus. Morbi sem mauris, laoreet ut, rhoncus aliquet, pulvinar sed, nisl.'),
 (457,250,'Duis mattis egestas metus. Aenean fermentum. Donec ut mauris eget massa tempor convallis. Nulla neque libero, convallis eget, eleifend luctus, ultricies eu, nibh. Quisque id justo sit amet sapien dignissim vestibulum. Vestibulum ante ipsum primis in faucibus orci luctus et ultrices posuere cubilia Curae; Nulla dapibus dolor vel est. Donec odio justo, sollicitudin ut, suscipit a, feugiat et, eros. Vestibulum ac est lacinia nisi venenatis tristique. Fusce congue, diam id ornare imperdiet, sapien urna pretium nisl, ut volutpat sapien arcu sed augue.'),
 (458,442,'Vivamus vel nulla eget eros elementum pellentesque. Quisque porta volutpat erat. Quisque erat eros, viverra eget, congue eget, semper rutrum, nulla. Nunc purus. Phasellus in felis. Donec semper sapien a libero. Nam dui. Proin leo odio, porttitor id, consequat in, consequat ut, nulla.'),
 (459,223,'Praesent lectus. Vestibulum quam sapien, varius ut, blandit non, interdum in, ante. Vestibulum ante ipsum primis in faucibus orci luctus et ultrices posuere cubilia Curae; Duis faucibus accumsan odio. Curabitur convallis. Duis consequat dui nec nisi volutpat eleifend. Donec ut dolor.'),
 (460,268,'Vestibulum ante ipsum primis in faucibus orci luctus et ultrices posuere cubilia Curae; Duis faucibus accumsan odio. Curabitur convallis. Duis consequat dui nec nisi volutpat eleifend. Donec ut dolor.'),
 (461,265,'Suspendisse accumsan tortor quis turpis. Sed ante. Vivamus tortor. Duis mattis egestas metus.'),
 (462,22,'Cum sociis natoque penatibus et magnis dis parturient montes, nascetur ridiculus mus. Etiam vel augue. Vestibulum rutrum rutrum neque. Aenean auctor gravida sem. Praesent id massa id nisl venenatis lacinia. Aenean sit amet justo. Morbi ut odio. Cras mi pede, malesuada in, imperdiet et, commodo vulputate, justo.'),
 (463,182,'Praesent lectus. Vestibulum quam sapien, varius ut, blandit non, interdum in, ante. Vestibulum ante ipsum primis in faucibus orci luctus et ultrices posuere cubilia Curae; Duis faucibus accumsan odio. Curabitur convallis. Duis consequat dui nec nisi volutpat eleifend.'),
 (464,44,'Nulla neque libero, convallis eget, eleifend luctus, ultricies eu, nibh. Quisque id justo sit amet sapien dignissim vestibulum. Vestibulum ante ipsum primis in faucibus orci luctus et ultrices posuere cubilia Curae; Nulla dapibus dolor vel est. Donec odio justo, sollicitudin ut, suscipit a, feugiat et, eros. Vestibulum ac est lacinia nisi venenatis tristique. Fusce congue, diam id ornare imperdiet, sapien urna pretium nisl, ut volutpat sapien arcu sed augue. Aliquam erat volutpat. In congue. Etiam justo.'),
 (465,485,'Sed vel enim sit amet nunc viverra dapibus. Nulla suscipit ligula in lacus. Curabitur at ipsum ac tellus semper interdum. Mauris ullamcorper purus sit amet nulla.'),
 (466,125,'Nulla nisl. Nunc nisl. Duis bibendum, felis sed interdum venenatis, turpis enim blandit mi, in porttitor pede justo eu massa. Donec dapibus. Duis at velit eu est congue elementum. In hac habitasse platea dictumst. Morbi vestibulum, velit id pretium iaculis, diam erat fermentum justo, nec condimentum neque sapien placerat ante.'),
 (467,193,'In hac habitasse platea dictumst. Morbi vestibulum, velit id pretium iaculis, diam erat fermentum justo, nec condimentum neque sapien placerat ante. Nulla justo. Aliquam quis turpis eget elit sodales scelerisque. Mauris sit amet eros. Suspendisse accumsan tortor quis turpis. Sed ante. Vivamus tortor.'),
 (468,205,'Vestibulum ante ipsum primis in faucibus orci luctus et ultrices posuere cubilia Curae; Donec pharetra, magna vestibulum aliquet ultrices, erat tortor sollicitudin mi, sit amet lobortis sapien sapien non mi. Integer ac neque. Duis bibendum. Morbi non quam nec dui luctus rutrum. Nulla tellus. In sagittis dui vel nisl.'),
 (469,98,'Nullam porttitor lacus at turpis. Donec posuere metus vitae ipsum. Aliquam non mauris.'),
 (470,429,'Maecenas pulvinar lobortis est. Phasellus sit amet erat. Nulla tempus. Vivamus in felis eu sapien cursus vestibulum. Proin eu mi.'),
 (471,458,'Quisque arcu libero, rutrum ac, lobortis vel, dapibus at, diam. Nam tristique tortor eu pede.'),
 (472,254,'Maecenas leo odio, condimentum id, luctus nec, molestie sed, justo. Pellentesque viverra pede ac diam.'),
 (473,99,'In quis justo. Maecenas rhoncus aliquam lacus. Morbi quis tortor id nulla ultrices aliquet. Maecenas leo odio, condimentum id, luctus nec, molestie sed, justo. Pellentesque viverra pede ac diam. Cras pellentesque volutpat dui. Maecenas tristique, est et tempus semper, est quam pharetra magna, ac consequat metus sapien ut nunc. Vestibulum ante ipsum primis in faucibus orci luctus et ultrices posuere cubilia Curae; Mauris viverra diam vitae quam.'),
 (474,266,'Pellentesque eget nunc. Donec quis orci eget orci vehicula condimentum. Curabitur in libero ut massa volutpat convallis. Morbi odio odio, elementum eu, interdum eu, tincidunt in, leo. Maecenas pulvinar lobortis est. Phasellus sit amet erat. Nulla tempus.'),
 (475,357,'Vivamus vel nulla eget eros elementum pellentesque. Quisque porta volutpat erat. Quisque erat eros, viverra eget, congue eget, semper rutrum, nulla. Nunc purus. Phasellus in felis. Donec semper sapien a libero. Nam dui. Proin leo odio, porttitor id, consequat in, consequat ut, nulla.'),
 (476,280,'Nam dui. Proin leo odio, porttitor id, consequat in, consequat ut, nulla. Sed accumsan felis. Ut at dolor quis odio consequat varius. Integer ac leo. Pellentesque ultrices mattis odio. Donec vitae nisi. Nam ultrices, libero non mattis pulvinar, nulla pede ullamcorper augue, a suscipit nulla elit ac nulla. Sed vel enim sit amet nunc viverra dapibus.'),
 (477,23,'Praesent blandit. Nam nulla.'),
 (478,152,'Duis aliquam convallis nunc. Proin at turpis a pede posuere nonummy.'),
 (479,168,'Morbi non lectus. Aliquam sit amet diam in magna bibendum imperdiet. Nullam orci pede, venenatis non, sodales sed, tincidunt eu, felis. Fusce posuere felis sed lacus. Morbi sem mauris, laoreet ut, rhoncus aliquet, pulvinar sed, nisl. Nunc rhoncus dui vel sem.'),
 (480,188,'Donec semper sapien a libero. Nam dui. Proin leo odio, porttitor id, consequat in, consequat ut, nulla.'),
 (481,354,'Integer a nibh. In quis justo. Maecenas rhoncus aliquam lacus. Morbi quis tortor id nulla ultrices aliquet. Maecenas leo odio, condimentum id, luctus nec, molestie sed, justo. Pellentesque viverra pede ac diam. Cras pellentesque volutpat dui. Maecenas tristique, est et tempus semper, est quam pharetra magna, ac consequat metus sapien ut nunc.'),
 (482,134,'Suspendisse ornare consequat lectus. In est risus, auctor sed, tristique in, tempus sit amet, sem. Fusce consequat. Nulla nisl. Nunc nisl. Duis bibendum, felis sed interdum venenatis, turpis enim blandit mi, in porttitor pede justo eu massa. Donec dapibus. Duis at velit eu est congue elementum. In hac habitasse platea dictumst. Morbi vestibulum, velit id pretium iaculis, diam erat fermentum justo, nec condimentum neque sapien placerat ante.'),
 (483,308,'Integer tincidunt ante vel ipsum. Praesent blandit lacinia erat. Vestibulum sed magna at nunc commodo placerat. Praesent blandit. Nam nulla. Integer pede justo, lacinia eget, tincidunt eget, tempus vel, pede. Morbi porttitor lorem id ligula.'),
 (484,341,'Ut at dolor quis odio consequat varius. Integer ac leo. Pellentesque ultrices mattis odio. Donec vitae nisi. Nam ultrices, libero non mattis pulvinar, nulla pede ullamcorper augue, a suscipit nulla elit ac nulla. Sed vel enim sit amet nunc viverra dapibus. Nulla suscipit ligula in lacus. Curabitur at ipsum ac tellus semper interdum.'),
 (485,65,'Integer non velit. Donec diam neque, vestibulum eget, vulputate ut, ultrices vel, augue. Vestibulum ante ipsum primis in faucibus orci luctus et ultrices posuere cubilia Curae; Donec pharetra, magna vestibulum aliquet ultrices, erat tortor sollicitudin mi, sit amet lobortis sapien sapien non mi. Integer ac neque. Duis bibendum. Morbi non quam nec dui luctus rutrum. Nulla tellus. In sagittis dui vel nisl.'),
 (486,347,'Curabitur convallis. Duis consequat dui nec nisi volutpat eleifend. Donec ut dolor. Morbi vel lectus in quam fringilla rhoncus. Mauris enim leo, rhoncus sed, vestibulum sit amet, cursus id, turpis. Integer aliquet, massa id lobortis convallis, tortor risus dapibus augue, vel accumsan tellus nisi eu orci.'),
 (487,299,'Proin at turpis a pede posuere nonummy. Integer non velit. Donec diam neque, vestibulum eget, vulputate ut, ultrices vel, augue. Vestibulum ante ipsum primis in faucibus orci luctus et ultrices posuere cubilia Curae; Donec pharetra, magna vestibulum aliquet ultrices, erat tortor sollicitudin mi, sit amet lobortis sapien sapien non mi. Integer ac neque. Duis bibendum. Morbi non quam nec dui luctus rutrum. Nulla tellus.'),
 (488,8,'Vestibulum quam sapien, varius ut, blandit non, interdum in, ante. Vestibulum ante ipsum primis in faucibus orci luctus et ultrices posuere cubilia Curae; Duis faucibus accumsan odio. Curabitur convallis.'),
 (489,192,'Pellentesque viverra pede ac diam. Cras pellentesque volutpat dui. Maecenas tristique, est et tempus semper, est quam pharetra magna, ac consequat metus sapien ut nunc.'),
 (490,16,'Donec vitae nisi. Nam ultrices, libero non mattis pulvinar, nulla pede ullamcorper augue, a suscipit nulla elit ac nulla. Sed vel enim sit amet nunc viverra dapibus. Nulla suscipit ligula in lacus.'),
 (491,450,'Proin at turpis a pede posuere nonummy. Integer non velit. Donec diam neque, vestibulum eget, vulputate ut, ultrices vel, augue. Vestibulum ante ipsum primis in faucibus orci luctus et ultrices posuere cubilia Curae; Donec pharetra, magna vestibulum aliquet ultrices, erat tortor sollicitudin mi, sit amet lobortis sapien sapien non mi. Integer ac neque.'),
 (492,427,'In congue. Etiam justo.'),
 (493,233,'Aenean fermentum. Donec ut mauris eget massa tempor convallis. Nulla neque libero, convallis eget, eleifend luctus, ultricies eu, nibh. Quisque id justo sit amet sapien dignissim vestibulum. Vestibulum ante ipsum primis in faucibus orci luctus et ultrices posuere cubilia Curae; Nulla dapibus dolor vel est. Donec odio justo, sollicitudin ut, suscipit a, feugiat et, eros. Vestibulum ac est lacinia nisi venenatis tristique.'),
 (494,369,'Nullam porttitor lacus at turpis. Donec posuere metus vitae ipsum. Aliquam non mauris. Morbi non lectus. Aliquam sit amet diam in magna bibendum imperdiet. Nullam orci pede, venenatis non, sodales sed, tincidunt eu, felis. Fusce posuere felis sed lacus. Morbi sem mauris, laoreet ut, rhoncus aliquet, pulvinar sed, nisl. Nunc rhoncus dui vel sem.'),
 (495,115,'Proin interdum mauris non ligula pellentesque ultrices. Phasellus id sapien in sapien iaculis congue. Vivamus metus arcu, adipiscing molestie, hendrerit at, vulputate vitae, nisl. Aenean lectus. Pellentesque eget nunc. Donec quis orci eget orci vehicula condimentum. Curabitur in libero ut massa volutpat convallis. Morbi odio odio, elementum eu, interdum eu, tincidunt in, leo.'),
 (496,34,'Suspendisse ornare consequat lectus. In est risus, auctor sed, tristique in, tempus sit amet, sem. Fusce consequat. Nulla nisl.'),
 (497,473,'Nulla mollis molestie lorem.'),
 (498,308,'Quisque ut erat. Curabitur gravida nisi at nibh. In hac habitasse platea dictumst. Aliquam augue quam, sollicitudin vitae, consectetuer eget, rutrum at, lorem. Integer tincidunt ante vel ipsum. Praesent blandit lacinia erat.'),
 (499,11,'Aliquam erat volutpat. In congue. Etiam justo.'),
 (500,316,'Duis ac nibh. Fusce lacus purus, aliquet at, feugiat non, pretium quis, lectus. Suspendisse potenti. In eleifend quam a odio. In hac habitasse platea dictumst.'),
 (501,445,'Cum sociis natoque penatibus et magnis dis parturient montes, nascetur ridiculus mus. Etiam vel augue. Vestibulum rutrum rutrum neque. Aenean auctor gravida sem. Praesent id massa id nisl venenatis lacinia. Aenean sit amet justo. Morbi ut odio. Cras mi pede, malesuada in, imperdiet et, commodo vulputate, justo. In blandit ultrices enim. Lorem ipsum dolor sit amet, consectetuer adipiscing elit.'),
 (502,358,'Etiam pretium iaculis justo. In hac habitasse platea dictumst. Etiam faucibus cursus urna. Ut tellus. Nulla ut erat id mauris vulputate elementum. Nullam varius. Nulla facilisi. Cras non velit nec nisi vulputate nonummy. Maecenas tincidunt lacus at velit.'),
 (503,497,'Aenean auctor gravida sem. Praesent id massa id nisl venenatis lacinia. Aenean sit amet justo.'),
 (504,340,'Lorem ipsum dolor sit amet, consectetuer adipiscing elit. Proin risus. Praesent lectus. Vestibulum quam sapien, varius ut, blandit non, interdum in, ante. Vestibulum ante ipsum primis in faucibus orci luctus et ultrices posuere cubilia Curae; Duis faucibus accumsan odio. Curabitur convallis. Duis consequat dui nec nisi volutpat eleifend. Donec ut dolor. Morbi vel lectus in quam fringilla rhoncus.'),
 (505,21,'Pellentesque ultrices mattis odio.'),
 (506,485,'Cum sociis natoque penatibus et magnis dis parturient montes, nascetur ridiculus mus. Vivamus vestibulum sagittis sapien. Cum sociis natoque penatibus et magnis dis parturient montes, nascetur ridiculus mus. Etiam vel augue. Vestibulum rutrum rutrum neque.'),
 (507,474,'In blandit ultrices enim. Lorem ipsum dolor sit amet, consectetuer adipiscing elit. Proin interdum mauris non ligula pellentesque ultrices. Phasellus id sapien in sapien iaculis congue. Vivamus metus arcu, adipiscing molestie, hendrerit at, vulputate vitae, nisl.'),
 (508,466,'Nullam porttitor lacus at turpis. Donec posuere metus vitae ipsum. Aliquam non mauris. Morbi non lectus. Aliquam sit amet diam in magna bibendum imperdiet.'),
 (509,442,'Nulla ac enim. In tempor, turpis nec euismod scelerisque, quam turpis adipiscing lorem, vitae mattis nibh ligula nec sem. Duis aliquam convallis nunc. Proin at turpis a pede posuere nonummy. Integer non velit. Donec diam neque, vestibulum eget, vulputate ut, ultrices vel, augue. Vestibulum ante ipsum primis in faucibus orci luctus et ultrices posuere cubilia Curae; Donec pharetra, magna vestibulum aliquet ultrices, erat tortor sollicitudin mi, sit amet lobortis sapien sapien non mi. Integer ac neque. Duis bibendum.'),
 (510,180,'Nunc nisl. Duis bibendum, felis sed interdum venenatis, turpis enim blandit mi, in porttitor pede justo eu massa. Donec dapibus. Duis at velit eu est congue elementum. In hac habitasse platea dictumst.'),
 (511,272,'In blandit ultrices enim.'),
 (512,410,'Morbi vel lectus in quam fringilla rhoncus. Mauris enim leo, rhoncus sed, vestibulum sit amet, cursus id, turpis. Integer aliquet, massa id lobortis convallis, tortor risus dapibus augue, vel accumsan tellus nisi eu orci. Mauris lacinia sapien quis libero. Nullam sit amet turpis elementum ligula vehicula consequat. Morbi a ipsum. Integer a nibh. In quis justo.'),
 (513,283,'Nullam orci pede, venenatis non, sodales sed, tincidunt eu, felis. Fusce posuere felis sed lacus. Morbi sem mauris, laoreet ut, rhoncus aliquet, pulvinar sed, nisl. Nunc rhoncus dui vel sem. Sed sagittis.'),
 (514,452,'Proin risus. Praesent lectus. Vestibulum quam sapien, varius ut, blandit non, interdum in, ante.'),
 (515,215,'Duis at velit eu est congue elementum. In hac habitasse platea dictumst. Morbi vestibulum, velit id pretium iaculis, diam erat fermentum justo, nec condimentum neque sapien placerat ante. Nulla justo. Aliquam quis turpis eget elit sodales scelerisque.'),
 (516,79,'Aenean sit amet justo. Morbi ut odio. Cras mi pede, malesuada in, imperdiet et, commodo vulputate, justo. In blandit ultrices enim. Lorem ipsum dolor sit amet, consectetuer adipiscing elit. Proin interdum mauris non ligula pellentesque ultrices.'),
 (517,373,'In blandit ultrices enim. Lorem ipsum dolor sit amet, consectetuer adipiscing elit. Proin interdum mauris non ligula pellentesque ultrices.'),
 (518,106,'In sagittis dui vel nisl. Duis ac nibh. Fusce lacus purus, aliquet at, feugiat non, pretium quis, lectus. Suspendisse potenti. In eleifend quam a odio. In hac habitasse platea dictumst. Maecenas ut massa quis augue luctus tincidunt. Nulla mollis molestie lorem.'),
 (519,283,'Praesent blandit.'),
 (520,129,'Nam nulla. Integer pede justo, lacinia eget, tincidunt eget, tempus vel, pede. Morbi porttitor lorem id ligula.'),
 (521,79,'Cras pellentesque volutpat dui. Maecenas tristique, est et tempus semper, est quam pharetra magna, ac consequat metus sapien ut nunc. Vestibulum ante ipsum primis in faucibus orci luctus et ultrices posuere cubilia Curae; Mauris viverra diam vitae quam. Suspendisse potenti. Nullam porttitor lacus at turpis.'),
 (522,106,'Suspendisse accumsan tortor quis turpis. Sed ante. Vivamus tortor. Duis mattis egestas metus. Aenean fermentum. Donec ut mauris eget massa tempor convallis. Nulla neque libero, convallis eget, eleifend luctus, ultricies eu, nibh. Quisque id justo sit amet sapien dignissim vestibulum. Vestibulum ante ipsum primis in faucibus orci luctus et ultrices posuere cubilia Curae; Nulla dapibus dolor vel est.'),
 (523,53,'Integer a nibh. In quis justo. Maecenas rhoncus aliquam lacus. Morbi quis tortor id nulla ultrices aliquet. Maecenas leo odio, condimentum id, luctus nec, molestie sed, justo.'),
 (524,97,'In blandit ultrices enim. Lorem ipsum dolor sit amet, consectetuer adipiscing elit. Proin interdum mauris non ligula pellentesque ultrices. Phasellus id sapien in sapien iaculis congue. Vivamus metus arcu, adipiscing molestie, hendrerit at, vulputate vitae, nisl. Aenean lectus.'),
 (525,292,'Mauris lacinia sapien quis libero. Nullam sit amet turpis elementum ligula vehicula consequat. Morbi a ipsum. Integer a nibh. In quis justo. Maecenas rhoncus aliquam lacus. Morbi quis tortor id nulla ultrices aliquet. Maecenas leo odio, condimentum id, luctus nec, molestie sed, justo.'),
 (526,33,'Etiam faucibus cursus urna. Ut tellus. Nulla ut erat id mauris vulputate elementum. Nullam varius. Nulla facilisi. Cras non velit nec nisi vulputate nonummy. Maecenas tincidunt lacus at velit. Vivamus vel nulla eget eros elementum pellentesque. Quisque porta volutpat erat.'),
 (527,373,'Donec vitae nisi.'),
 (528,159,'Fusce lacus purus, aliquet at, feugiat non, pretium quis, lectus. Suspendisse potenti. In eleifend quam a odio. In hac habitasse platea dictumst.'),
 (529,185,'Suspendisse accumsan tortor quis turpis. Sed ante. Vivamus tortor. Duis mattis egestas metus. Aenean fermentum.'),
 (530,286,'In hac habitasse platea dictumst. Aliquam augue quam, sollicitudin vitae, consectetuer eget, rutrum at, lorem. Integer tincidunt ante vel ipsum.'),
 (531,129,'Duis ac nibh. Fusce lacus purus, aliquet at, feugiat non, pretium quis, lectus. Suspendisse potenti. In eleifend quam a odio. In hac habitasse platea dictumst. Maecenas ut massa quis augue luctus tincidunt. Nulla mollis molestie lorem. Quisque ut erat. Curabitur gravida nisi at nibh.'),
 (532,341,'Cum sociis natoque penatibus et magnis dis parturient montes, nascetur ridiculus mus. Etiam vel augue.'),
 (533,320,'Fusce congue, diam id ornare imperdiet, sapien urna pretium nisl, ut volutpat sapien arcu sed augue. Aliquam erat volutpat. In congue. Etiam justo.'),
 (534,425,'Fusce lacus purus, aliquet at, feugiat non, pretium quis, lectus. Suspendisse potenti. In eleifend quam a odio. In hac habitasse platea dictumst. Maecenas ut massa quis augue luctus tincidunt. Nulla mollis molestie lorem.'),
 (535,110,'Donec dapibus. Duis at velit eu est congue elementum. In hac habitasse platea dictumst. Morbi vestibulum, velit id pretium iaculis, diam erat fermentum justo, nec condimentum neque sapien placerat ante. Nulla justo.'),
 (536,165,'Integer tincidunt ante vel ipsum. Praesent blandit lacinia erat. Vestibulum sed magna at nunc commodo placerat.'),
 (537,461,'Nunc rhoncus dui vel sem. Sed sagittis. Nam congue, risus semper porta volutpat, quam pede lobortis ligula, sit amet eleifend pede libero quis orci.'),
 (538,159,'Praesent blandit. Nam nulla. Integer pede justo, lacinia eget, tincidunt eget, tempus vel, pede. Morbi porttitor lorem id ligula. Suspendisse ornare consequat lectus. In est risus, auctor sed, tristique in, tempus sit amet, sem.'),
 (539,159,'Nullam orci pede, venenatis non, sodales sed, tincidunt eu, felis.'),
 (540,386,'In eleifend quam a odio. In hac habitasse platea dictumst.'),
 (541,428,'In congue. Etiam justo. Etiam pretium iaculis justo. In hac habitasse platea dictumst.'),
 (542,12,'Suspendisse potenti. In eleifend quam a odio. In hac habitasse platea dictumst. Maecenas ut massa quis augue luctus tincidunt. Nulla mollis molestie lorem.'),
 (543,278,'In congue. Etiam justo.'),
 (544,481,'Donec diam neque, vestibulum eget, vulputate ut, ultrices vel, augue. Vestibulum ante ipsum primis in faucibus orci luctus et ultrices posuere cubilia Curae; Donec pharetra, magna vestibulum aliquet ultrices, erat tortor sollicitudin mi, sit amet lobortis sapien sapien non mi. Integer ac neque. Duis bibendum. Morbi non quam nec dui luctus rutrum.'),
 (545,352,'Vestibulum ac est lacinia nisi venenatis tristique. Fusce congue, diam id ornare imperdiet, sapien urna pretium nisl, ut volutpat sapien arcu sed augue. Aliquam erat volutpat. In congue. Etiam justo. Etiam pretium iaculis justo. In hac habitasse platea dictumst. Etiam faucibus cursus urna.'),
 (546,185,'Nulla justo. Aliquam quis turpis eget elit sodales scelerisque. Mauris sit amet eros. Suspendisse accumsan tortor quis turpis. Sed ante. Vivamus tortor. Duis mattis egestas metus. Aenean fermentum. Donec ut mauris eget massa tempor convallis. Nulla neque libero, convallis eget, eleifend luctus, ultricies eu, nibh.'),
 (547,266,'Morbi non lectus. Aliquam sit amet diam in magna bibendum imperdiet. Nullam orci pede, venenatis non, sodales sed, tincidunt eu, felis. Fusce posuere felis sed lacus. Morbi sem mauris, laoreet ut, rhoncus aliquet, pulvinar sed, nisl. Nunc rhoncus dui vel sem. Sed sagittis. Nam congue, risus semper porta volutpat, quam pede lobortis ligula, sit amet eleifend pede libero quis orci. Nullam molestie nibh in lectus. Pellentesque at nulla.'),
 (548,352,'Etiam vel augue. Vestibulum rutrum rutrum neque. Aenean auctor gravida sem. Praesent id massa id nisl venenatis lacinia. Aenean sit amet justo. Morbi ut odio. Cras mi pede, malesuada in, imperdiet et, commodo vulputate, justo. In blandit ultrices enim. Lorem ipsum dolor sit amet, consectetuer adipiscing elit.'),
 (549,320,'In tempor, turpis nec euismod scelerisque, quam turpis adipiscing lorem, vitae mattis nibh ligula nec sem.'),
 (550,413,'Nulla ac enim. In tempor, turpis nec euismod scelerisque, quam turpis adipiscing lorem, vitae mattis nibh ligula nec sem. Duis aliquam convallis nunc. Proin at turpis a pede posuere nonummy. Integer non velit.'),
 (551,69,'Lorem ipsum dolor sit amet, consectetuer adipiscing elit. Proin risus. Praesent lectus.'),
 (552,497,'Morbi porttitor lorem id ligula. Suspendisse ornare consequat lectus. In est risus, auctor sed, tristique in, tempus sit amet, sem. Fusce consequat. Nulla nisl. Nunc nisl. Duis bibendum, felis sed interdum venenatis, turpis enim blandit mi, in porttitor pede justo eu massa. Donec dapibus. Duis at velit eu est congue elementum. In hac habitasse platea dictumst.'),
 (553,494,'Integer non velit.'),
 (554,306,'In quis justo. Maecenas rhoncus aliquam lacus.'),
 (555,108,'Praesent lectus. Vestibulum quam sapien, varius ut, blandit non, interdum in, ante. Vestibulum ante ipsum primis in faucibus orci luctus et ultrices posuere cubilia Curae; Duis faucibus accumsan odio. Curabitur convallis. Duis consequat dui nec nisi volutpat eleifend. Donec ut dolor. Morbi vel lectus in quam fringilla rhoncus. Mauris enim leo, rhoncus sed, vestibulum sit amet, cursus id, turpis. Integer aliquet, massa id lobortis convallis, tortor risus dapibus augue, vel accumsan tellus nisi eu orci. Mauris lacinia sapien quis libero.'),
 (556,189,'Suspendisse accumsan tortor quis turpis.'),
 (557,434,'In tempor, turpis nec euismod scelerisque, quam turpis adipiscing lorem, vitae mattis nibh ligula nec sem. Duis aliquam convallis nunc. Proin at turpis a pede posuere nonummy. Integer non velit. Donec diam neque, vestibulum eget, vulputate ut, ultrices vel, augue. Vestibulum ante ipsum primis in faucibus orci luctus et ultrices posuere cubilia Curae; Donec pharetra, magna vestibulum aliquet ultrices, erat tortor sollicitudin mi, sit amet lobortis sapien sapien non mi. Integer ac neque. Duis bibendum.'),
 (558,446,'Mauris enim leo, rhoncus sed, vestibulum sit amet, cursus id, turpis. Integer aliquet, massa id lobortis convallis, tortor risus dapibus augue, vel accumsan tellus nisi eu orci. Mauris lacinia sapien quis libero. Nullam sit amet turpis elementum ligula vehicula consequat. Morbi a ipsum. Integer a nibh.'),
 (559,415,'Nunc rhoncus dui vel sem. Sed sagittis. Nam congue, risus semper porta volutpat, quam pede lobortis ligula, sit amet eleifend pede libero quis orci.'),
 (561,300,'Nam nulla. Integer pede justo, lacinia eget, tincidunt eget, tempus vel, pede. Morbi porttitor lorem id ligula. Suspendisse ornare consequat lectus. In est risus, auctor sed, tristique in, tempus sit amet, sem. Fusce consequat. Nulla nisl. Nunc nisl.'),
 (562,424,'Nullam porttitor lacus at turpis. Donec posuere metus vitae ipsum. Aliquam non mauris. Morbi non lectus. Aliquam sit amet diam in magna bibendum imperdiet. Nullam orci pede, venenatis non, sodales sed, tincidunt eu, felis. Fusce posuere felis sed lacus.'),
 (563,219,'Nunc rhoncus dui vel sem. Sed sagittis. Nam congue, risus semper porta volutpat, quam pede lobortis ligula, sit amet eleifend pede libero quis orci. Nullam molestie nibh in lectus. Pellentesque at nulla. Suspendisse potenti. Cras in purus eu magna vulputate luctus.'),
 (564,356,'Morbi vel lectus in quam fringilla rhoncus. Mauris enim leo, rhoncus sed, vestibulum sit amet, cursus id, turpis.'),
 (565,356,'Ut tellus. Nulla ut erat id mauris vulputate elementum. Nullam varius. Nulla facilisi. Cras non velit nec nisi vulputate nonummy. Maecenas tincidunt lacus at velit. Vivamus vel nulla eget eros elementum pellentesque. Quisque porta volutpat erat.'),
 (566,384,'Donec odio justo, sollicitudin ut, suscipit a, feugiat et, eros. Vestibulum ac est lacinia nisi venenatis tristique. Fusce congue, diam id ornare imperdiet, sapien urna pretium nisl, ut volutpat sapien arcu sed augue. Aliquam erat volutpat. In congue. Etiam justo. Etiam pretium iaculis justo. In hac habitasse platea dictumst.'),
 (567,322,'Maecenas rhoncus aliquam lacus. Morbi quis tortor id nulla ultrices aliquet. Maecenas leo odio, condimentum id, luctus nec, molestie sed, justo. Pellentesque viverra pede ac diam. Cras pellentesque volutpat dui. Maecenas tristique, est et tempus semper, est quam pharetra magna, ac consequat metus sapien ut nunc. Vestibulum ante ipsum primis in faucibus orci luctus et ultrices posuere cubilia Curae; Mauris viverra diam vitae quam. Suspendisse potenti.'),
 (568,416,'Donec semper sapien a libero. Nam dui. Proin leo odio, porttitor id, consequat in, consequat ut, nulla. Sed accumsan felis. Ut at dolor quis odio consequat varius. Integer ac leo.'),
 (569,267,'Maecenas pulvinar lobortis est. Phasellus sit amet erat. Nulla tempus. Vivamus in felis eu sapien cursus vestibulum. Proin eu mi.'),
 (570,27,'Cras in purus eu magna vulputate luctus. Cum sociis natoque penatibus et magnis dis parturient montes, nascetur ridiculus mus. Vivamus vestibulum sagittis sapien. Cum sociis natoque penatibus et magnis dis parturient montes, nascetur ridiculus mus. Etiam vel augue. Vestibulum rutrum rutrum neque. Aenean auctor gravida sem. Praesent id massa id nisl venenatis lacinia.'),
 (571,332,'Quisque ut erat. Curabitur gravida nisi at nibh. In hac habitasse platea dictumst. Aliquam augue quam, sollicitudin vitae, consectetuer eget, rutrum at, lorem. Integer tincidunt ante vel ipsum. Praesent blandit lacinia erat. Vestibulum sed magna at nunc commodo placerat. Praesent blandit. Nam nulla.'),
 (572,460,'Donec posuere metus vitae ipsum. Aliquam non mauris. Morbi non lectus. Aliquam sit amet diam in magna bibendum imperdiet. Nullam orci pede, venenatis non, sodales sed, tincidunt eu, felis. Fusce posuere felis sed lacus. Morbi sem mauris, laoreet ut, rhoncus aliquet, pulvinar sed, nisl. Nunc rhoncus dui vel sem. Sed sagittis. Nam congue, risus semper porta volutpat, quam pede lobortis ligula, sit amet eleifend pede libero quis orci.'),
 (573,95,'Proin risus. Praesent lectus. Vestibulum quam sapien, varius ut, blandit non, interdum in, ante. Vestibulum ante ipsum primis in faucibus orci luctus et ultrices posuere cubilia Curae; Duis faucibus accumsan odio. Curabitur convallis. Duis consequat dui nec nisi volutpat eleifend. Donec ut dolor. Morbi vel lectus in quam fringilla rhoncus. Mauris enim leo, rhoncus sed, vestibulum sit amet, cursus id, turpis.'),
 (574,57,'Suspendisse potenti.'),
 (575,369,'Nunc rhoncus dui vel sem. Sed sagittis. Nam congue, risus semper porta volutpat, quam pede lobortis ligula, sit amet eleifend pede libero quis orci. Nullam molestie nibh in lectus. Pellentesque at nulla. Suspendisse potenti. Cras in purus eu magna vulputate luctus.'),
 (576,166,'Nunc purus. Phasellus in felis. Donec semper sapien a libero. Nam dui.'),
 (577,406,'Nulla tempus. Vivamus in felis eu sapien cursus vestibulum.'),
 (578,488,'Nulla tellus. In sagittis dui vel nisl. Duis ac nibh. Fusce lacus purus, aliquet at, feugiat non, pretium quis, lectus. Suspendisse potenti. In eleifend quam a odio. In hac habitasse platea dictumst. Maecenas ut massa quis augue luctus tincidunt.'),
 (579,1,'Donec vitae nisi. Nam ultrices, libero non mattis pulvinar, nulla pede ullamcorper augue, a suscipit nulla elit ac nulla. Sed vel enim sit amet nunc viverra dapibus. Nulla suscipit ligula in lacus.'),
 (580,357,'Duis bibendum. Morbi non quam nec dui luctus rutrum. Nulla tellus. In sagittis dui vel nisl. Duis ac nibh.'),
 (581,440,'Morbi non lectus. Aliquam sit amet diam in magna bibendum imperdiet. Nullam orci pede, venenatis non, sodales sed, tincidunt eu, felis.'),
 (582,121,'Fusce posuere felis sed lacus. Morbi sem mauris, laoreet ut, rhoncus aliquet, pulvinar sed, nisl. Nunc rhoncus dui vel sem. Sed sagittis.'),
 (583,370,'Mauris enim leo, rhoncus sed, vestibulum sit amet, cursus id, turpis. Integer aliquet, massa id lobortis convallis, tortor risus dapibus augue, vel accumsan tellus nisi eu orci. Mauris lacinia sapien quis libero. Nullam sit amet turpis elementum ligula vehicula consequat. Morbi a ipsum. Integer a nibh. In quis justo. Maecenas rhoncus aliquam lacus. Morbi quis tortor id nulla ultrices aliquet. Maecenas leo odio, condimentum id, luctus nec, molestie sed, justo.'),
 (584,46,'Suspendisse potenti. Nullam porttitor lacus at turpis. Donec posuere metus vitae ipsum. Aliquam non mauris. Morbi non lectus. Aliquam sit amet diam in magna bibendum imperdiet. Nullam orci pede, venenatis non, sodales sed, tincidunt eu, felis. Fusce posuere felis sed lacus. Morbi sem mauris, laoreet ut, rhoncus aliquet, pulvinar sed, nisl.'),
 (585,229,'Vestibulum ante ipsum primis in faucibus orci luctus et ultrices posuere cubilia Curae; Mauris viverra diam vitae quam. Suspendisse potenti.'),
 (586,283,'Cras mi pede, malesuada in, imperdiet et, commodo vulputate, justo.'),
 (587,386,'Donec ut dolor. Morbi vel lectus in quam fringilla rhoncus. Mauris enim leo, rhoncus sed, vestibulum sit amet, cursus id, turpis. Integer aliquet, massa id lobortis convallis, tortor risus dapibus augue, vel accumsan tellus nisi eu orci. Mauris lacinia sapien quis libero. Nullam sit amet turpis elementum ligula vehicula consequat. Morbi a ipsum. Integer a nibh. In quis justo.'),
 (588,439,'Nam congue, risus semper porta volutpat, quam pede lobortis ligula, sit amet eleifend pede libero quis orci. Nullam molestie nibh in lectus. Pellentesque at nulla.'),
 (589,305,'Duis consequat dui nec nisi volutpat eleifend. Donec ut dolor. Morbi vel lectus in quam fringilla rhoncus. Mauris enim leo, rhoncus sed, vestibulum sit amet, cursus id, turpis. Integer aliquet, massa id lobortis convallis, tortor risus dapibus augue, vel accumsan tellus nisi eu orci. Mauris lacinia sapien quis libero. Nullam sit amet turpis elementum ligula vehicula consequat. Morbi a ipsum. Integer a nibh. In quis justo.'),
 (590,333,'Aliquam erat volutpat. In congue. Etiam justo. Etiam pretium iaculis justo. In hac habitasse platea dictumst. Etiam faucibus cursus urna. Ut tellus. Nulla ut erat id mauris vulputate elementum. Nullam varius.'),
 (591,490,'In tempor, turpis nec euismod scelerisque, quam turpis adipiscing lorem, vitae mattis nibh ligula nec sem. Duis aliquam convallis nunc. Proin at turpis a pede posuere nonummy. Integer non velit. Donec diam neque, vestibulum eget, vulputate ut, ultrices vel, augue.'),
 (592,240,'Pellentesque viverra pede ac diam. Cras pellentesque volutpat dui. Maecenas tristique, est et tempus semper, est quam pharetra magna, ac consequat metus sapien ut nunc. Vestibulum ante ipsum primis in faucibus orci luctus et ultrices posuere cubilia Curae; Mauris viverra diam vitae quam. Suspendisse potenti. Nullam porttitor lacus at turpis.'),
 (593,322,'Donec odio justo, sollicitudin ut, suscipit a, feugiat et, eros. Vestibulum ac est lacinia nisi venenatis tristique. Fusce congue, diam id ornare imperdiet, sapien urna pretium nisl, ut volutpat sapien arcu sed augue. Aliquam erat volutpat. In congue. Etiam justo. Etiam pretium iaculis justo.'),
 (594,455,'Nullam varius. Nulla facilisi. Cras non velit nec nisi vulputate nonummy. Maecenas tincidunt lacus at velit. Vivamus vel nulla eget eros elementum pellentesque. Quisque porta volutpat erat. Quisque erat eros, viverra eget, congue eget, semper rutrum, nulla. Nunc purus. Phasellus in felis. Donec semper sapien a libero.'),
 (595,73,'In hac habitasse platea dictumst. Aliquam augue quam, sollicitudin vitae, consectetuer eget, rutrum at, lorem. Integer tincidunt ante vel ipsum. Praesent blandit lacinia erat.'),
 (596,399,'Maecenas tincidunt lacus at velit. Vivamus vel nulla eget eros elementum pellentesque. Quisque porta volutpat erat. Quisque erat eros, viverra eget, congue eget, semper rutrum, nulla. Nunc purus. Phasellus in felis. Donec semper sapien a libero. Nam dui. Proin leo odio, porttitor id, consequat in, consequat ut, nulla. Sed accumsan felis.'),
 (597,176,'Integer non velit. Donec diam neque, vestibulum eget, vulputate ut, ultrices vel, augue.'),
 (598,57,'Cum sociis natoque penatibus et magnis dis parturient montes, nascetur ridiculus mus. Etiam vel augue.'),
 (599,76,'Nullam varius. Nulla facilisi. Cras non velit nec nisi vulputate nonummy. Maecenas tincidunt lacus at velit. Vivamus vel nulla eget eros elementum pellentesque.'),
 (600,88,'Maecenas leo odio, condimentum id, luctus nec, molestie sed, justo. Pellentesque viverra pede ac diam. Cras pellentesque volutpat dui. Maecenas tristique, est et tempus semper, est quam pharetra magna, ac consequat metus sapien ut nunc. Vestibulum ante ipsum primis in faucibus orci luctus et ultrices posuere cubilia Curae; Mauris viverra diam vitae quam.'),
 (601,30,'Cras pellentesque volutpat dui. Maecenas tristique, est et tempus semper, est quam pharetra magna, ac consequat metus sapien ut nunc. Vestibulum ante ipsum primis in faucibus orci luctus et ultrices posuere cubilia Curae; Mauris viverra diam vitae quam. Suspendisse potenti. Nullam porttitor lacus at turpis. Donec posuere metus vitae ipsum.'),
 (602,311,'Integer ac leo. Pellentesque ultrices mattis odio. Donec vitae nisi. Nam ultrices, libero non mattis pulvinar, nulla pede ullamcorper augue, a suscipit nulla elit ac nulla.'),
 (603,314,'Nunc rhoncus dui vel sem. Sed sagittis. Nam congue, risus semper porta volutpat, quam pede lobortis ligula, sit amet eleifend pede libero quis orci. Nullam molestie nibh in lectus. Pellentesque at nulla. Suspendisse potenti. Cras in purus eu magna vulputate luctus.'),
 (604,462,'Etiam pretium iaculis justo.'),
 (605,444,'Nulla facilisi. Cras non velit nec nisi vulputate nonummy. Maecenas tincidunt lacus at velit. Vivamus vel nulla eget eros elementum pellentesque. Quisque porta volutpat erat. Quisque erat eros, viverra eget, congue eget, semper rutrum, nulla. Nunc purus. Phasellus in felis. Donec semper sapien a libero.'),
 (606,155,'Nullam orci pede, venenatis non, sodales sed, tincidunt eu, felis. Fusce posuere felis sed lacus. Morbi sem mauris, laoreet ut, rhoncus aliquet, pulvinar sed, nisl. Nunc rhoncus dui vel sem. Sed sagittis. Nam congue, risus semper porta volutpat, quam pede lobortis ligula, sit amet eleifend pede libero quis orci.'),
 (607,86,'Fusce lacus purus, aliquet at, feugiat non, pretium quis, lectus. Suspendisse potenti. In eleifend quam a odio. In hac habitasse platea dictumst. Maecenas ut massa quis augue luctus tincidunt. Nulla mollis molestie lorem. Quisque ut erat.'),
 (608,140,'In est risus, auctor sed, tristique in, tempus sit amet, sem. Fusce consequat. Nulla nisl. Nunc nisl. Duis bibendum, felis sed interdum venenatis, turpis enim blandit mi, in porttitor pede justo eu massa. Donec dapibus. Duis at velit eu est congue elementum. In hac habitasse platea dictumst. Morbi vestibulum, velit id pretium iaculis, diam erat fermentum justo, nec condimentum neque sapien placerat ante. Nulla justo.'),
 (609,307,'Vestibulum sed magna at nunc commodo placerat. Praesent blandit. Nam nulla. Integer pede justo, lacinia eget, tincidunt eget, tempus vel, pede. Morbi porttitor lorem id ligula. Suspendisse ornare consequat lectus. In est risus, auctor sed, tristique in, tempus sit amet, sem. Fusce consequat. Nulla nisl. Nunc nisl.'),
 (610,133,'Integer non velit. Donec diam neque, vestibulum eget, vulputate ut, ultrices vel, augue. Vestibulum ante ipsum primis in faucibus orci luctus et ultrices posuere cubilia Curae; Donec pharetra, magna vestibulum aliquet ultrices, erat tortor sollicitudin mi, sit amet lobortis sapien sapien non mi. Integer ac neque.'),
 (611,100,'Aenean auctor gravida sem. Praesent id massa id nisl venenatis lacinia. Aenean sit amet justo. Morbi ut odio. Cras mi pede, malesuada in, imperdiet et, commodo vulputate, justo. In blandit ultrices enim. Lorem ipsum dolor sit amet, consectetuer adipiscing elit.'),
 (612,344,'Proin interdum mauris non ligula pellentesque ultrices. Phasellus id sapien in sapien iaculis congue. Vivamus metus arcu, adipiscing molestie, hendrerit at, vulputate vitae, nisl. Aenean lectus. Pellentesque eget nunc. Donec quis orci eget orci vehicula condimentum. Curabitur in libero ut massa volutpat convallis. Morbi odio odio, elementum eu, interdum eu, tincidunt in, leo. Maecenas pulvinar lobortis est.'),
 (613,349,'Proin eu mi.'),
 (614,37,'Vivamus metus arcu, adipiscing molestie, hendrerit at, vulputate vitae, nisl. Aenean lectus. Pellentesque eget nunc.'),
 (615,307,'Etiam justo. Etiam pretium iaculis justo. In hac habitasse platea dictumst. Etiam faucibus cursus urna.'),
 (616,129,'Donec diam neque, vestibulum eget, vulputate ut, ultrices vel, augue. Vestibulum ante ipsum primis in faucibus orci luctus et ultrices posuere cubilia Curae; Donec pharetra, magna vestibulum aliquet ultrices, erat tortor sollicitudin mi, sit amet lobortis sapien sapien non mi. Integer ac neque. Duis bibendum. Morbi non quam nec dui luctus rutrum.'),
 (617,19,'Vivamus vel nulla eget eros elementum pellentesque. Quisque porta volutpat erat. Quisque erat eros, viverra eget, congue eget, semper rutrum, nulla. Nunc purus. Phasellus in felis. Donec semper sapien a libero.'),
 (618,296,'Vestibulum quam sapien, varius ut, blandit non, interdum in, ante. Vestibulum ante ipsum primis in faucibus orci luctus et ultrices posuere cubilia Curae; Duis faucibus accumsan odio. Curabitur convallis. Duis consequat dui nec nisi volutpat eleifend. Donec ut dolor. Morbi vel lectus in quam fringilla rhoncus. Mauris enim leo, rhoncus sed, vestibulum sit amet, cursus id, turpis. Integer aliquet, massa id lobortis convallis, tortor risus dapibus augue, vel accumsan tellus nisi eu orci. Mauris lacinia sapien quis libero. Nullam sit amet turpis elementum ligula vehicula consequat.'),
 (619,17,'Mauris sit amet eros. Suspendisse accumsan tortor quis turpis. Sed ante.'),
 (620,448,'Fusce consequat. Nulla nisl. Nunc nisl. Duis bibendum, felis sed interdum venenatis, turpis enim blandit mi, in porttitor pede justo eu massa. Donec dapibus. Duis at velit eu est congue elementum. In hac habitasse platea dictumst.'),
 (621,189,'Suspendisse potenti. In eleifend quam a odio. In hac habitasse platea dictumst. Maecenas ut massa quis augue luctus tincidunt. Nulla mollis molestie lorem. Quisque ut erat. Curabitur gravida nisi at nibh. In hac habitasse platea dictumst.'),
 (622,172,'Donec semper sapien a libero. Nam dui. Proin leo odio, porttitor id, consequat in, consequat ut, nulla. Sed accumsan felis. Ut at dolor quis odio consequat varius. Integer ac leo. Pellentesque ultrices mattis odio. Donec vitae nisi.'),
 (623,438,'Fusce lacus purus, aliquet at, feugiat non, pretium quis, lectus. Suspendisse potenti. In eleifend quam a odio. In hac habitasse platea dictumst. Maecenas ut massa quis augue luctus tincidunt. Nulla mollis molestie lorem. Quisque ut erat. Curabitur gravida nisi at nibh. In hac habitasse platea dictumst. Aliquam augue quam, sollicitudin vitae, consectetuer eget, rutrum at, lorem.'),
 (624,296,'Integer ac leo. Pellentesque ultrices mattis odio. Donec vitae nisi. Nam ultrices, libero non mattis pulvinar, nulla pede ullamcorper augue, a suscipit nulla elit ac nulla. Sed vel enim sit amet nunc viverra dapibus. Nulla suscipit ligula in lacus. Curabitur at ipsum ac tellus semper interdum. Mauris ullamcorper purus sit amet nulla. Quisque arcu libero, rutrum ac, lobortis vel, dapibus at, diam.'),
 (625,392,'Suspendisse ornare consequat lectus. In est risus, auctor sed, tristique in, tempus sit amet, sem.'),
 (626,434,'Morbi quis tortor id nulla ultrices aliquet. Maecenas leo odio, condimentum id, luctus nec, molestie sed, justo. Pellentesque viverra pede ac diam. Cras pellentesque volutpat dui. Maecenas tristique, est et tempus semper, est quam pharetra magna, ac consequat metus sapien ut nunc. Vestibulum ante ipsum primis in faucibus orci luctus et ultrices posuere cubilia Curae; Mauris viverra diam vitae quam.'),
 (627,109,'Donec posuere metus vitae ipsum. Aliquam non mauris. Morbi non lectus. Aliquam sit amet diam in magna bibendum imperdiet. Nullam orci pede, venenatis non, sodales sed, tincidunt eu, felis. Fusce posuere felis sed lacus. Morbi sem mauris, laoreet ut, rhoncus aliquet, pulvinar sed, nisl.'),
 (628,441,'Nulla ut erat id mauris vulputate elementum. Nullam varius. Nulla facilisi. Cras non velit nec nisi vulputate nonummy. Maecenas tincidunt lacus at velit. Vivamus vel nulla eget eros elementum pellentesque. Quisque porta volutpat erat.'),
 (629,315,'Maecenas tincidunt lacus at velit. Vivamus vel nulla eget eros elementum pellentesque. Quisque porta volutpat erat. Quisque erat eros, viverra eget, congue eget, semper rutrum, nulla. Nunc purus. Phasellus in felis. Donec semper sapien a libero.'),
 (630,457,'Maecenas tristique, est et tempus semper, est quam pharetra magna, ac consequat metus sapien ut nunc.'),
 (631,265,'In hac habitasse platea dictumst. Aliquam augue quam, sollicitudin vitae, consectetuer eget, rutrum at, lorem. Integer tincidunt ante vel ipsum. Praesent blandit lacinia erat. Vestibulum sed magna at nunc commodo placerat. Praesent blandit. Nam nulla.'),
 (632,304,'In congue. Etiam justo. Etiam pretium iaculis justo. In hac habitasse platea dictumst. Etiam faucibus cursus urna. Ut tellus. Nulla ut erat id mauris vulputate elementum. Nullam varius. Nulla facilisi. Cras non velit nec nisi vulputate nonummy.'),
 (633,63,'Proin at turpis a pede posuere nonummy. Integer non velit. Donec diam neque, vestibulum eget, vulputate ut, ultrices vel, augue. Vestibulum ante ipsum primis in faucibus orci luctus et ultrices posuere cubilia Curae; Donec pharetra, magna vestibulum aliquet ultrices, erat tortor sollicitudin mi, sit amet lobortis sapien sapien non mi. Integer ac neque. Duis bibendum. Morbi non quam nec dui luctus rutrum. Nulla tellus.'),
 (634,194,'Proin leo odio, porttitor id, consequat in, consequat ut, nulla.'),
 (635,397,'Morbi porttitor lorem id ligula. Suspendisse ornare consequat lectus.'),
 (636,63,'Nullam sit amet turpis elementum ligula vehicula consequat. Morbi a ipsum. Integer a nibh. In quis justo. Maecenas rhoncus aliquam lacus.'),
 (637,433,'Suspendisse accumsan tortor quis turpis. Sed ante. Vivamus tortor. Duis mattis egestas metus. Aenean fermentum. Donec ut mauris eget massa tempor convallis. Nulla neque libero, convallis eget, eleifend luctus, ultricies eu, nibh. Quisque id justo sit amet sapien dignissim vestibulum.'),
 (638,105,'Suspendisse potenti. Nullam porttitor lacus at turpis. Donec posuere metus vitae ipsum. Aliquam non mauris. Morbi non lectus. Aliquam sit amet diam in magna bibendum imperdiet. Nullam orci pede, venenatis non, sodales sed, tincidunt eu, felis. Fusce posuere felis sed lacus.'),
 (639,195,'Quisque erat eros, viverra eget, congue eget, semper rutrum, nulla. Nunc purus. Phasellus in felis. Donec semper sapien a libero. Nam dui. Proin leo odio, porttitor id, consequat in, consequat ut, nulla. Sed accumsan felis.'),
 (640,426,'Nulla nisl. Nunc nisl. Duis bibendum, felis sed interdum venenatis, turpis enim blandit mi, in porttitor pede justo eu massa. Donec dapibus. Duis at velit eu est congue elementum. In hac habitasse platea dictumst. Morbi vestibulum, velit id pretium iaculis, diam erat fermentum justo, nec condimentum neque sapien placerat ante. Nulla justo. Aliquam quis turpis eget elit sodales scelerisque.'),
 (641,105,'Donec ut mauris eget massa tempor convallis. Nulla neque libero, convallis eget, eleifend luctus, ultricies eu, nibh.'),
 (642,374,'Suspendisse ornare consequat lectus. In est risus, auctor sed, tristique in, tempus sit amet, sem.'),
 (643,40,'Integer ac leo. Pellentesque ultrices mattis odio. Donec vitae nisi. Nam ultrices, libero non mattis pulvinar, nulla pede ullamcorper augue, a suscipit nulla elit ac nulla. Sed vel enim sit amet nunc viverra dapibus.'),
 (644,230,'Nam ultrices, libero non mattis pulvinar, nulla pede ullamcorper augue, a suscipit nulla elit ac nulla. Sed vel enim sit amet nunc viverra dapibus. Nulla suscipit ligula in lacus. Curabitur at ipsum ac tellus semper interdum. Mauris ullamcorper purus sit amet nulla. Quisque arcu libero, rutrum ac, lobortis vel, dapibus at, diam.'),
 (645,303,'Mauris enim leo, rhoncus sed, vestibulum sit amet, cursus id, turpis. Integer aliquet, massa id lobortis convallis, tortor risus dapibus augue, vel accumsan tellus nisi eu orci. Mauris lacinia sapien quis libero. Nullam sit amet turpis elementum ligula vehicula consequat. Morbi a ipsum. Integer a nibh. In quis justo.'),
 (646,487,'Morbi quis tortor id nulla ultrices aliquet. Maecenas leo odio, condimentum id, luctus nec, molestie sed, justo. Pellentesque viverra pede ac diam. Cras pellentesque volutpat dui. Maecenas tristique, est et tempus semper, est quam pharetra magna, ac consequat metus sapien ut nunc. Vestibulum ante ipsum primis in faucibus orci luctus et ultrices posuere cubilia Curae; Mauris viverra diam vitae quam. Suspendisse potenti. Nullam porttitor lacus at turpis. Donec posuere metus vitae ipsum.'),
 (647,458,'Nulla neque libero, convallis eget, eleifend luctus, ultricies eu, nibh. Quisque id justo sit amet sapien dignissim vestibulum. Vestibulum ante ipsum primis in faucibus orci luctus et ultrices posuere cubilia Curae; Nulla dapibus dolor vel est. Donec odio justo, sollicitudin ut, suscipit a, feugiat et, eros. Vestibulum ac est lacinia nisi venenatis tristique. Fusce congue, diam id ornare imperdiet, sapien urna pretium nisl, ut volutpat sapien arcu sed augue. Aliquam erat volutpat. In congue. Etiam justo. Etiam pretium iaculis justo.'),
 (648,92,'Phasellus sit amet erat.'),
 (649,380,'Morbi non lectus. Aliquam sit amet diam in magna bibendum imperdiet. Nullam orci pede, venenatis non, sodales sed, tincidunt eu, felis. Fusce posuere felis sed lacus. Morbi sem mauris, laoreet ut, rhoncus aliquet, pulvinar sed, nisl. Nunc rhoncus dui vel sem. Sed sagittis. Nam congue, risus semper porta volutpat, quam pede lobortis ligula, sit amet eleifend pede libero quis orci. Nullam molestie nibh in lectus. Pellentesque at nulla.'),
 (650,460,'Praesent lectus. Vestibulum quam sapien, varius ut, blandit non, interdum in, ante. Vestibulum ante ipsum primis in faucibus orci luctus et ultrices posuere cubilia Curae; Duis faucibus accumsan odio. Curabitur convallis.'),
 (651,135,'In hac habitasse platea dictumst. Maecenas ut massa quis augue luctus tincidunt. Nulla mollis molestie lorem. Quisque ut erat. Curabitur gravida nisi at nibh. In hac habitasse platea dictumst. Aliquam augue quam, sollicitudin vitae, consectetuer eget, rutrum at, lorem. Integer tincidunt ante vel ipsum. Praesent blandit lacinia erat. Vestibulum sed magna at nunc commodo placerat.'),
 (652,86,'Nam nulla. Integer pede justo, lacinia eget, tincidunt eget, tempus vel, pede. Morbi porttitor lorem id ligula. Suspendisse ornare consequat lectus. In est risus, auctor sed, tristique in, tempus sit amet, sem. Fusce consequat. Nulla nisl. Nunc nisl. Duis bibendum, felis sed interdum venenatis, turpis enim blandit mi, in porttitor pede justo eu massa.'),
 (653,236,'Maecenas ut massa quis augue luctus tincidunt. Nulla mollis molestie lorem. Quisque ut erat. Curabitur gravida nisi at nibh. In hac habitasse platea dictumst. Aliquam augue quam, sollicitudin vitae, consectetuer eget, rutrum at, lorem. Integer tincidunt ante vel ipsum. Praesent blandit lacinia erat. Vestibulum sed magna at nunc commodo placerat.'),
 (654,117,'Aliquam non mauris. Morbi non lectus. Aliquam sit amet diam in magna bibendum imperdiet. Nullam orci pede, venenatis non, sodales sed, tincidunt eu, felis. Fusce posuere felis sed lacus. Morbi sem mauris, laoreet ut, rhoncus aliquet, pulvinar sed, nisl.'),
 (655,167,'Integer ac neque. Duis bibendum. Morbi non quam nec dui luctus rutrum. Nulla tellus. In sagittis dui vel nisl. Duis ac nibh.'),
 (656,16,'Vivamus in felis eu sapien cursus vestibulum. Proin eu mi. Nulla ac enim. In tempor, turpis nec euismod scelerisque, quam turpis adipiscing lorem, vitae mattis nibh ligula nec sem. Duis aliquam convallis nunc. Proin at turpis a pede posuere nonummy. Integer non velit. Donec diam neque, vestibulum eget, vulputate ut, ultrices vel, augue. Vestibulum ante ipsum primis in faucibus orci luctus et ultrices posuere cubilia Curae; Donec pharetra, magna vestibulum aliquet ultrices, erat tortor sollicitudin mi, sit amet lobortis sapien sapien non mi. Integer ac neque.'),
 (657,231,'Ut at dolor quis odio consequat varius. Integer ac leo. Pellentesque ultrices mattis odio. Donec vitae nisi. Nam ultrices, libero non mattis pulvinar, nulla pede ullamcorper augue, a suscipit nulla elit ac nulla. Sed vel enim sit amet nunc viverra dapibus. Nulla suscipit ligula in lacus. Curabitur at ipsum ac tellus semper interdum. Mauris ullamcorper purus sit amet nulla. Quisque arcu libero, rutrum ac, lobortis vel, dapibus at, diam.'),
 (658,194,'Suspendisse potenti. In eleifend quam a odio. In hac habitasse platea dictumst. Maecenas ut massa quis augue luctus tincidunt. Nulla mollis molestie lorem. Quisque ut erat. Curabitur gravida nisi at nibh. In hac habitasse platea dictumst. Aliquam augue quam, sollicitudin vitae, consectetuer eget, rutrum at, lorem. Integer tincidunt ante vel ipsum.'),
 (659,170,'In tempor, turpis nec euismod scelerisque, quam turpis adipiscing lorem, vitae mattis nibh ligula nec sem. Duis aliquam convallis nunc. Proin at turpis a pede posuere nonummy. Integer non velit. Donec diam neque, vestibulum eget, vulputate ut, ultrices vel, augue. Vestibulum ante ipsum primis in faucibus orci luctus et ultrices posuere cubilia Curae; Donec pharetra, magna vestibulum aliquet ultrices, erat tortor sollicitudin mi, sit amet lobortis sapien sapien non mi. Integer ac neque.'),
 (660,170,'Cras in purus eu magna vulputate luctus. Cum sociis natoque penatibus et magnis dis parturient montes, nascetur ridiculus mus. Vivamus vestibulum sagittis sapien. Cum sociis natoque penatibus et magnis dis parturient montes, nascetur ridiculus mus. Etiam vel augue.'),
 (661,196,'Morbi vestibulum, velit id pretium iaculis, diam erat fermentum justo, nec condimentum neque sapien placerat ante. Nulla justo. Aliquam quis turpis eget elit sodales scelerisque.'),
 (662,132,'Nulla tellus. In sagittis dui vel nisl.'),
 (663,426,'Morbi vestibulum, velit id pretium iaculis, diam erat fermentum justo, nec condimentum neque sapien placerat ante. Nulla justo. Aliquam quis turpis eget elit sodales scelerisque. Mauris sit amet eros. Suspendisse accumsan tortor quis turpis.'),
 (664,333,'Duis aliquam convallis nunc. Proin at turpis a pede posuere nonummy. Integer non velit. Donec diam neque, vestibulum eget, vulputate ut, ultrices vel, augue. Vestibulum ante ipsum primis in faucibus orci luctus et ultrices posuere cubilia Curae; Donec pharetra, magna vestibulum aliquet ultrices, erat tortor sollicitudin mi, sit amet lobortis sapien sapien non mi. Integer ac neque. Duis bibendum. Morbi non quam nec dui luctus rutrum.'),
 (665,301,'In congue. Etiam justo. Etiam pretium iaculis justo. In hac habitasse platea dictumst. Etiam faucibus cursus urna. Ut tellus. Nulla ut erat id mauris vulputate elementum. Nullam varius.'),
 (666,243,'Aliquam quis turpis eget elit sodales scelerisque. Mauris sit amet eros. Suspendisse accumsan tortor quis turpis. Sed ante. Vivamus tortor. Duis mattis egestas metus.'),
 (667,418,'In quis justo. Maecenas rhoncus aliquam lacus. Morbi quis tortor id nulla ultrices aliquet. Maecenas leo odio, condimentum id, luctus nec, molestie sed, justo. Pellentesque viverra pede ac diam. Cras pellentesque volutpat dui. Maecenas tristique, est et tempus semper, est quam pharetra magna, ac consequat metus sapien ut nunc. Vestibulum ante ipsum primis in faucibus orci luctus et ultrices posuere cubilia Curae; Mauris viverra diam vitae quam.'),
 (668,98,'Morbi sem mauris, laoreet ut, rhoncus aliquet, pulvinar sed, nisl. Nunc rhoncus dui vel sem.'),
 (669,417,'Duis mattis egestas metus. Aenean fermentum. Donec ut mauris eget massa tempor convallis. Nulla neque libero, convallis eget, eleifend luctus, ultricies eu, nibh. Quisque id justo sit amet sapien dignissim vestibulum. Vestibulum ante ipsum primis in faucibus orci luctus et ultrices posuere cubilia Curae; Nulla dapibus dolor vel est. Donec odio justo, sollicitudin ut, suscipit a, feugiat et, eros.'),
 (670,361,'Vivamus metus arcu, adipiscing molestie, hendrerit at, vulputate vitae, nisl.'),
 (671,440,'Lorem ipsum dolor sit amet, consectetuer adipiscing elit. Proin risus. Praesent lectus. Vestibulum quam sapien, varius ut, blandit non, interdum in, ante.'),
 (672,213,'Aliquam non mauris. Morbi non lectus. Aliquam sit amet diam in magna bibendum imperdiet. Nullam orci pede, venenatis non, sodales sed, tincidunt eu, felis. Fusce posuere felis sed lacus. Morbi sem mauris, laoreet ut, rhoncus aliquet, pulvinar sed, nisl. Nunc rhoncus dui vel sem. Sed sagittis. Nam congue, risus semper porta volutpat, quam pede lobortis ligula, sit amet eleifend pede libero quis orci.'),
 (673,452,'Duis mattis egestas metus. Aenean fermentum. Donec ut mauris eget massa tempor convallis. Nulla neque libero, convallis eget, eleifend luctus, ultricies eu, nibh. Quisque id justo sit amet sapien dignissim vestibulum. Vestibulum ante ipsum primis in faucibus orci luctus et ultrices posuere cubilia Curae; Nulla dapibus dolor vel est. Donec odio justo, sollicitudin ut, suscipit a, feugiat et, eros.'),
 (674,336,'Nunc purus. Phasellus in felis. Donec semper sapien a libero. Nam dui. Proin leo odio, porttitor id, consequat in, consequat ut, nulla. Sed accumsan felis. Ut at dolor quis odio consequat varius. Integer ac leo.'),
 (675,101,'Curabitur gravida nisi at nibh. In hac habitasse platea dictumst. Aliquam augue quam, sollicitudin vitae, consectetuer eget, rutrum at, lorem. Integer tincidunt ante vel ipsum. Praesent blandit lacinia erat. Vestibulum sed magna at nunc commodo placerat. Praesent blandit. Nam nulla. Integer pede justo, lacinia eget, tincidunt eget, tempus vel, pede. Morbi porttitor lorem id ligula.'),
 (676,417,'Fusce congue, diam id ornare imperdiet, sapien urna pretium nisl, ut volutpat sapien arcu sed augue. Aliquam erat volutpat. In congue. Etiam justo. Etiam pretium iaculis justo. In hac habitasse platea dictumst. Etiam faucibus cursus urna.'),
 (677,121,'Fusce lacus purus, aliquet at, feugiat non, pretium quis, lectus. Suspendisse potenti. In eleifend quam a odio. In hac habitasse platea dictumst. Maecenas ut massa quis augue luctus tincidunt. Nulla mollis molestie lorem. Quisque ut erat.'),
 (678,269,'Quisque arcu libero, rutrum ac, lobortis vel, dapibus at, diam. Nam tristique tortor eu pede.'),
 (679,375,'Pellentesque viverra pede ac diam. Cras pellentesque volutpat dui. Maecenas tristique, est et tempus semper, est quam pharetra magna, ac consequat metus sapien ut nunc. Vestibulum ante ipsum primis in faucibus orci luctus et ultrices posuere cubilia Curae; Mauris viverra diam vitae quam. Suspendisse potenti. Nullam porttitor lacus at turpis.'),
 (682,158,'Etiam justo. Etiam pretium iaculis justo. In hac habitasse platea dictumst. Etiam faucibus cursus urna. Ut tellus. Nulla ut erat id mauris vulputate elementum.'),
 (683,166,'Donec dapibus. Duis at velit eu est congue elementum. In hac habitasse platea dictumst. Morbi vestibulum, velit id pretium iaculis, diam erat fermentum justo, nec condimentum neque sapien placerat ante. Nulla justo. Aliquam quis turpis eget elit sodales scelerisque. Mauris sit amet eros. Suspendisse accumsan tortor quis turpis. Sed ante.'),
 (684,275,'Nullam sit amet turpis elementum ligula vehicula consequat. Morbi a ipsum. Integer a nibh.'),
 (685,488,'In eleifend quam a odio.'),
 (686,140,'Phasellus sit amet erat.'),
 (687,297,'Curabitur gravida nisi at nibh. In hac habitasse platea dictumst. Aliquam augue quam, sollicitudin vitae, consectetuer eget, rutrum at, lorem. Integer tincidunt ante vel ipsum. Praesent blandit lacinia erat. Vestibulum sed magna at nunc commodo placerat. Praesent blandit. Nam nulla. Integer pede justo, lacinia eget, tincidunt eget, tempus vel, pede.'),
 (689,393,'Donec dapibus. Duis at velit eu est congue elementum. In hac habitasse platea dictumst. Morbi vestibulum, velit id pretium iaculis, diam erat fermentum justo, nec condimentum neque sapien placerat ante. Nulla justo. Aliquam quis turpis eget elit sodales scelerisque.'),
 (690,462,'Mauris enim leo, rhoncus sed, vestibulum sit amet, cursus id, turpis. Integer aliquet, massa id lobortis convallis, tortor risus dapibus augue, vel accumsan tellus nisi eu orci. Mauris lacinia sapien quis libero. Nullam sit amet turpis elementum ligula vehicula consequat. Morbi a ipsum. Integer a nibh. In quis justo.'),
 (691,361,'Nullam molestie nibh in lectus. Pellentesque at nulla. Suspendisse potenti. Cras in purus eu magna vulputate luctus. Cum sociis natoque penatibus et magnis dis parturient montes, nascetur ridiculus mus. Vivamus vestibulum sagittis sapien. Cum sociis natoque penatibus et magnis dis parturient montes, nascetur ridiculus mus. Etiam vel augue. Vestibulum rutrum rutrum neque. Aenean auctor gravida sem.'),
 (692,433,'Quisque ut erat. Curabitur gravida nisi at nibh. In hac habitasse platea dictumst.'),
 (694,235,'Aliquam erat volutpat. In congue. Etiam justo. Etiam pretium iaculis justo.'),
 (695,385,'Praesent id massa id nisl venenatis lacinia. Aenean sit amet justo. Morbi ut odio. Cras mi pede, malesuada in, imperdiet et, commodo vulputate, justo. In blandit ultrices enim. Lorem ipsum dolor sit amet, consectetuer adipiscing elit. Proin interdum mauris non ligula pellentesque ultrices. Phasellus id sapien in sapien iaculis congue. Vivamus metus arcu, adipiscing molestie, hendrerit at, vulputate vitae, nisl.'),
 (696,244,'Suspendisse accumsan tortor quis turpis. Sed ante.'),
 (697,51,'Etiam vel augue. Vestibulum rutrum rutrum neque.'),
 (698,275,'Praesent blandit. Nam nulla. Integer pede justo, lacinia eget, tincidunt eget, tempus vel, pede. Morbi porttitor lorem id ligula. Suspendisse ornare consequat lectus. In est risus, auctor sed, tristique in, tempus sit amet, sem. Fusce consequat. Nulla nisl.'),
 (699,268,'Cras in purus eu magna vulputate luctus. Cum sociis natoque penatibus et magnis dis parturient montes, nascetur ridiculus mus. Vivamus vestibulum sagittis sapien. Cum sociis natoque penatibus et magnis dis parturient montes, nascetur ridiculus mus. Etiam vel augue. Vestibulum rutrum rutrum neque. Aenean auctor gravida sem. Praesent id massa id nisl venenatis lacinia. Aenean sit amet justo. Morbi ut odio.'),
 (700,454,'Lorem ipsum dolor sit amet, consectetuer adipiscing elit. Proin interdum mauris non ligula pellentesque ultrices. Phasellus id sapien in sapien iaculis congue. Vivamus metus arcu, adipiscing molestie, hendrerit at, vulputate vitae, nisl. Aenean lectus. Pellentesque eget nunc. Donec quis orci eget orci vehicula condimentum. Curabitur in libero ut massa volutpat convallis. Morbi odio odio, elementum eu, interdum eu, tincidunt in, leo.'),
 (701,213,'Vestibulum sed magna at nunc commodo placerat. Praesent blandit. Nam nulla. Integer pede justo, lacinia eget, tincidunt eget, tempus vel, pede. Morbi porttitor lorem id ligula. Suspendisse ornare consequat lectus. In est risus, auctor sed, tristique in, tempus sit amet, sem. Fusce consequat. Nulla nisl.'),
 (702,8,'Mauris enim leo, rhoncus sed, vestibulum sit amet, cursus id, turpis. Integer aliquet, massa id lobortis convallis, tortor risus dapibus augue, vel accumsan tellus nisi eu orci. Mauris lacinia sapien quis libero. Nullam sit amet turpis elementum ligula vehicula consequat. Morbi a ipsum. Integer a nibh. In quis justo.'),
 (703,101,'Aenean auctor gravida sem.'),
 (704,219,'Mauris ullamcorper purus sit amet nulla. Quisque arcu libero, rutrum ac, lobortis vel, dapibus at, diam. Nam tristique tortor eu pede.'),
 (705,407,'Fusce posuere felis sed lacus.'),
 (706,82,'Ut tellus.'),
 (707,96,'Phasellus in felis.'),
 (708,65,'Maecenas ut massa quis augue luctus tincidunt. Nulla mollis molestie lorem. Quisque ut erat. Curabitur gravida nisi at nibh. In hac habitasse platea dictumst. Aliquam augue quam, sollicitudin vitae, consectetuer eget, rutrum at, lorem. Integer tincidunt ante vel ipsum.'),
 (709,130,'Aenean fermentum. Donec ut mauris eget massa tempor convallis.'),
 (710,457,'Duis mattis egestas metus. Aenean fermentum. Donec ut mauris eget massa tempor convallis. Nulla neque libero, convallis eget, eleifend luctus, ultricies eu, nibh. Quisque id justo sit amet sapien dignissim vestibulum. Vestibulum ante ipsum primis in faucibus orci luctus et ultrices posuere cubilia Curae; Nulla dapibus dolor vel est. Donec odio justo, sollicitudin ut, suscipit a, feugiat et, eros.'),
 (711,200,'Duis consequat dui nec nisi volutpat eleifend. Donec ut dolor. Morbi vel lectus in quam fringilla rhoncus.'),
 (712,13,'Pellentesque eget nunc. Donec quis orci eget orci vehicula condimentum. Curabitur in libero ut massa volutpat convallis. Morbi odio odio, elementum eu, interdum eu, tincidunt in, leo. Maecenas pulvinar lobortis est. Phasellus sit amet erat. Nulla tempus. Vivamus in felis eu sapien cursus vestibulum.'),
 (713,234,'Nulla tempus. Vivamus in felis eu sapien cursus vestibulum. Proin eu mi. Nulla ac enim. In tempor, turpis nec euismod scelerisque, quam turpis adipiscing lorem, vitae mattis nibh ligula nec sem.'),
 (714,326,'Praesent id massa id nisl venenatis lacinia. Aenean sit amet justo. Morbi ut odio. Cras mi pede, malesuada in, imperdiet et, commodo vulputate, justo. In blandit ultrices enim. Lorem ipsum dolor sit amet, consectetuer adipiscing elit. Proin interdum mauris non ligula pellentesque ultrices. Phasellus id sapien in sapien iaculis congue. Vivamus metus arcu, adipiscing molestie, hendrerit at, vulputate vitae, nisl. Aenean lectus.'),
 (715,226,'Cum sociis natoque penatibus et magnis dis parturient montes, nascetur ridiculus mus. Vivamus vestibulum sagittis sapien.'),
 (716,437,'Cum sociis natoque penatibus et magnis dis parturient montes, nascetur ridiculus mus. Vivamus vestibulum sagittis sapien. Cum sociis natoque penatibus et magnis dis parturient montes, nascetur ridiculus mus. Etiam vel augue. Vestibulum rutrum rutrum neque.'),
 (717,370,'Nullam orci pede, venenatis non, sodales sed, tincidunt eu, felis. Fusce posuere felis sed lacus. Morbi sem mauris, laoreet ut, rhoncus aliquet, pulvinar sed, nisl. Nunc rhoncus dui vel sem.'),
 (718,341,'Curabitur in libero ut massa volutpat convallis. Morbi odio odio, elementum eu, interdum eu, tincidunt in, leo. Maecenas pulvinar lobortis est.'),
 (719,426,'Praesent id massa id nisl venenatis lacinia. Aenean sit amet justo. Morbi ut odio. Cras mi pede, malesuada in, imperdiet et, commodo vulputate, justo. In blandit ultrices enim. Lorem ipsum dolor sit amet, consectetuer adipiscing elit. Proin interdum mauris non ligula pellentesque ultrices. Phasellus id sapien in sapien iaculis congue. Vivamus metus arcu, adipiscing molestie, hendrerit at, vulputate vitae, nisl.'),
 (720,490,'Donec odio justo, sollicitudin ut, suscipit a, feugiat et, eros. Vestibulum ac est lacinia nisi venenatis tristique. Fusce congue, diam id ornare imperdiet, sapien urna pretium nisl, ut volutpat sapien arcu sed augue. Aliquam erat volutpat. In congue. Etiam justo.'),
 (721,466,'In hac habitasse platea dictumst. Morbi vestibulum, velit id pretium iaculis, diam erat fermentum justo, nec condimentum neque sapien placerat ante. Nulla justo. Aliquam quis turpis eget elit sodales scelerisque. Mauris sit amet eros.'),
 (722,44,'Donec ut mauris eget massa tempor convallis. Nulla neque libero, convallis eget, eleifend luctus, ultricies eu, nibh. Quisque id justo sit amet sapien dignissim vestibulum. Vestibulum ante ipsum primis in faucibus orci luctus et ultrices posuere cubilia Curae; Nulla dapibus dolor vel est. Donec odio justo, sollicitudin ut, suscipit a, feugiat et, eros. Vestibulum ac est lacinia nisi venenatis tristique. Fusce congue, diam id ornare imperdiet, sapien urna pretium nisl, ut volutpat sapien arcu sed augue. Aliquam erat volutpat.'),
 (723,64,'Morbi vestibulum, velit id pretium iaculis, diam erat fermentum justo, nec condimentum neque sapien placerat ante. Nulla justo. Aliquam quis turpis eget elit sodales scelerisque. Mauris sit amet eros. Suspendisse accumsan tortor quis turpis. Sed ante. Vivamus tortor. Duis mattis egestas metus. Aenean fermentum.'),
 (724,295,'Vestibulum rutrum rutrum neque. Aenean auctor gravida sem. Praesent id massa id nisl venenatis lacinia. Aenean sit amet justo. Morbi ut odio. Cras mi pede, malesuada in, imperdiet et, commodo vulputate, justo. In blandit ultrices enim. Lorem ipsum dolor sit amet, consectetuer adipiscing elit.'),
 (725,325,'In tempor, turpis nec euismod scelerisque, quam turpis adipiscing lorem, vitae mattis nibh ligula nec sem. Duis aliquam convallis nunc. Proin at turpis a pede posuere nonummy. Integer non velit.'),
 (726,484,'Pellentesque at nulla. Suspendisse potenti.'),
 (727,23,'Morbi non lectus. Aliquam sit amet diam in magna bibendum imperdiet. Nullam orci pede, venenatis non, sodales sed, tincidunt eu, felis. Fusce posuere felis sed lacus. Morbi sem mauris, laoreet ut, rhoncus aliquet, pulvinar sed, nisl. Nunc rhoncus dui vel sem.'),
 (728,306,'Morbi non quam nec dui luctus rutrum. Nulla tellus. In sagittis dui vel nisl. Duis ac nibh. Fusce lacus purus, aliquet at, feugiat non, pretium quis, lectus. Suspendisse potenti.'),
 (729,130,'Donec odio justo, sollicitudin ut, suscipit a, feugiat et, eros.'),
 (730,392,'Sed accumsan felis. Ut at dolor quis odio consequat varius. Integer ac leo. Pellentesque ultrices mattis odio. Donec vitae nisi. Nam ultrices, libero non mattis pulvinar, nulla pede ullamcorper augue, a suscipit nulla elit ac nulla. Sed vel enim sit amet nunc viverra dapibus. Nulla suscipit ligula in lacus.'),
 (731,447,'Lorem ipsum dolor sit amet, consectetuer adipiscing elit. Proin risus.'),
 (732,159,'Quisque porta volutpat erat. Quisque erat eros, viverra eget, congue eget, semper rutrum, nulla. Nunc purus. Phasellus in felis. Donec semper sapien a libero. Nam dui. Proin leo odio, porttitor id, consequat in, consequat ut, nulla. Sed accumsan felis. Ut at dolor quis odio consequat varius.'),
 (733,123,'Vestibulum quam sapien, varius ut, blandit non, interdum in, ante. Vestibulum ante ipsum primis in faucibus orci luctus et ultrices posuere cubilia Curae; Duis faucibus accumsan odio. Curabitur convallis. Duis consequat dui nec nisi volutpat eleifend. Donec ut dolor. Morbi vel lectus in quam fringilla rhoncus. Mauris enim leo, rhoncus sed, vestibulum sit amet, cursus id, turpis. Integer aliquet, massa id lobortis convallis, tortor risus dapibus augue, vel accumsan tellus nisi eu orci. Mauris lacinia sapien quis libero.'),
 (734,309,'Donec dapibus. Duis at velit eu est congue elementum. In hac habitasse platea dictumst. Morbi vestibulum, velit id pretium iaculis, diam erat fermentum justo, nec condimentum neque sapien placerat ante.'),
 (735,190,'Sed accumsan felis. Ut at dolor quis odio consequat varius.'),
 (736,182,'Duis aliquam convallis nunc. Proin at turpis a pede posuere nonummy.'),
 (737,428,'Morbi vel lectus in quam fringilla rhoncus. Mauris enim leo, rhoncus sed, vestibulum sit amet, cursus id, turpis. Integer aliquet, massa id lobortis convallis, tortor risus dapibus augue, vel accumsan tellus nisi eu orci. Mauris lacinia sapien quis libero.'),
 (738,244,'Nulla tellus. In sagittis dui vel nisl.'),
 (739,74,'Quisque id justo sit amet sapien dignissim vestibulum. Vestibulum ante ipsum primis in faucibus orci luctus et ultrices posuere cubilia Curae; Nulla dapibus dolor vel est.'),
 (740,249,'Donec quis orci eget orci vehicula condimentum.'),
 (741,448,'Nullam sit amet turpis elementum ligula vehicula consequat. Morbi a ipsum. Integer a nibh. In quis justo.'),
 (742,384,'Integer tincidunt ante vel ipsum. Praesent blandit lacinia erat. Vestibulum sed magna at nunc commodo placerat. Praesent blandit. Nam nulla. Integer pede justo, lacinia eget, tincidunt eget, tempus vel, pede. Morbi porttitor lorem id ligula.'),
 (743,65,'In sagittis dui vel nisl. Duis ac nibh. Fusce lacus purus, aliquet at, feugiat non, pretium quis, lectus. Suspendisse potenti. In eleifend quam a odio. In hac habitasse platea dictumst. Maecenas ut massa quis augue luctus tincidunt.'),
 (744,179,'Quisque ut erat. Curabitur gravida nisi at nibh. In hac habitasse platea dictumst. Aliquam augue quam, sollicitudin vitae, consectetuer eget, rutrum at, lorem.'),
 (745,441,'Aenean auctor gravida sem. Praesent id massa id nisl venenatis lacinia. Aenean sit amet justo. Morbi ut odio. Cras mi pede, malesuada in, imperdiet et, commodo vulputate, justo. In blandit ultrices enim. Lorem ipsum dolor sit amet, consectetuer adipiscing elit. Proin interdum mauris non ligula pellentesque ultrices.'),
 (746,449,'Nam congue, risus semper porta volutpat, quam pede lobortis ligula, sit amet eleifend pede libero quis orci. Nullam molestie nibh in lectus. Pellentesque at nulla.'),
 (747,200,'Maecenas tincidunt lacus at velit. Vivamus vel nulla eget eros elementum pellentesque. Quisque porta volutpat erat.'),
 (748,162,'Cum sociis natoque penatibus et magnis dis parturient montes, nascetur ridiculus mus. Etiam vel augue. Vestibulum rutrum rutrum neque. Aenean auctor gravida sem. Praesent id massa id nisl venenatis lacinia. Aenean sit amet justo.'),
 (749,269,'Nulla justo. Aliquam quis turpis eget elit sodales scelerisque. Mauris sit amet eros. Suspendisse accumsan tortor quis turpis. Sed ante. Vivamus tortor. Duis mattis egestas metus. Aenean fermentum. Donec ut mauris eget massa tempor convallis.'),
 (750,134,'Nullam porttitor lacus at turpis. Donec posuere metus vitae ipsum. Aliquam non mauris. Morbi non lectus. Aliquam sit amet diam in magna bibendum imperdiet.'),
 (751,445,'Donec ut dolor. Morbi vel lectus in quam fringilla rhoncus. Mauris enim leo, rhoncus sed, vestibulum sit amet, cursus id, turpis.'),
 (752,347,'Fusce consequat. Nulla nisl.'),
 (753,235,'Donec dapibus. Duis at velit eu est congue elementum. In hac habitasse platea dictumst. Morbi vestibulum, velit id pretium iaculis, diam erat fermentum justo, nec condimentum neque sapien placerat ante. Nulla justo. Aliquam quis turpis eget elit sodales scelerisque. Mauris sit amet eros. Suspendisse accumsan tortor quis turpis. Sed ante. Vivamus tortor.'),
 (754,178,'Proin at turpis a pede posuere nonummy. Integer non velit. Donec diam neque, vestibulum eget, vulputate ut, ultrices vel, augue. Vestibulum ante ipsum primis in faucibus orci luctus et ultrices posuere cubilia Curae; Donec pharetra, magna vestibulum aliquet ultrices, erat tortor sollicitudin mi, sit amet lobortis sapien sapien non mi. Integer ac neque. Duis bibendum. Morbi non quam nec dui luctus rutrum. Nulla tellus. In sagittis dui vel nisl. Duis ac nibh.'),
 (755,150,'Cras non velit nec nisi vulputate nonummy. Maecenas tincidunt lacus at velit. Vivamus vel nulla eget eros elementum pellentesque. Quisque porta volutpat erat. Quisque erat eros, viverra eget, congue eget, semper rutrum, nulla.'),
 (756,161,'Vestibulum ante ipsum primis in faucibus orci luctus et ultrices posuere cubilia Curae; Nulla dapibus dolor vel est.'),
 (758,18,'Phasellus sit amet erat.'),
 (759,288,'Morbi non quam nec dui luctus rutrum. Nulla tellus. In sagittis dui vel nisl. Duis ac nibh. Fusce lacus purus, aliquet at, feugiat non, pretium quis, lectus. Suspendisse potenti. In eleifend quam a odio. In hac habitasse platea dictumst. Maecenas ut massa quis augue luctus tincidunt.'),
 (760,58,'Nulla justo. Aliquam quis turpis eget elit sodales scelerisque. Mauris sit amet eros. Suspendisse accumsan tortor quis turpis. Sed ante. Vivamus tortor. Duis mattis egestas metus.'),
 (761,131,'Aenean fermentum. Donec ut mauris eget massa tempor convallis. Nulla neque libero, convallis eget, eleifend luctus, ultricies eu, nibh. Quisque id justo sit amet sapien dignissim vestibulum. Vestibulum ante ipsum primis in faucibus orci luctus et ultrices posuere cubilia Curae; Nulla dapibus dolor vel est. Donec odio justo, sollicitudin ut, suscipit a, feugiat et, eros.'),
 (762,422,'Vivamus vestibulum sagittis sapien. Cum sociis natoque penatibus et magnis dis parturient montes, nascetur ridiculus mus. Etiam vel augue. Vestibulum rutrum rutrum neque. Aenean auctor gravida sem. Praesent id massa id nisl venenatis lacinia.'),
 (763,230,'Integer pede justo, lacinia eget, tincidunt eget, tempus vel, pede.'),
 (764,28,'Cras in purus eu magna vulputate luctus. Cum sociis natoque penatibus et magnis dis parturient montes, nascetur ridiculus mus. Vivamus vestibulum sagittis sapien. Cum sociis natoque penatibus et magnis dis parturient montes, nascetur ridiculus mus.'),
 (765,293,'In hac habitasse platea dictumst. Maecenas ut massa quis augue luctus tincidunt. Nulla mollis molestie lorem. Quisque ut erat. Curabitur gravida nisi at nibh.'),
 (766,315,'Cum sociis natoque penatibus et magnis dis parturient montes, nascetur ridiculus mus. Vivamus vestibulum sagittis sapien. Cum sociis natoque penatibus et magnis dis parturient montes, nascetur ridiculus mus. Etiam vel augue. Vestibulum rutrum rutrum neque. Aenean auctor gravida sem.'),
 (767,465,'Duis at velit eu est congue elementum. In hac habitasse platea dictumst. Morbi vestibulum, velit id pretium iaculis, diam erat fermentum justo, nec condimentum neque sapien placerat ante. Nulla justo. Aliquam quis turpis eget elit sodales scelerisque. Mauris sit amet eros. Suspendisse accumsan tortor quis turpis. Sed ante.'),
 (768,307,'In blandit ultrices enim. Lorem ipsum dolor sit amet, consectetuer adipiscing elit.'),
 (769,328,'Aliquam augue quam, sollicitudin vitae, consectetuer eget, rutrum at, lorem. Integer tincidunt ante vel ipsum. Praesent blandit lacinia erat. Vestibulum sed magna at nunc commodo placerat. Praesent blandit. Nam nulla. Integer pede justo, lacinia eget, tincidunt eget, tempus vel, pede. Morbi porttitor lorem id ligula. Suspendisse ornare consequat lectus.'),
 (770,120,'Maecenas tincidunt lacus at velit. Vivamus vel nulla eget eros elementum pellentesque. Quisque porta volutpat erat. Quisque erat eros, viverra eget, congue eget, semper rutrum, nulla. Nunc purus.'),
 (772,144,'Cras pellentesque volutpat dui. Maecenas tristique, est et tempus semper, est quam pharetra magna, ac consequat metus sapien ut nunc. Vestibulum ante ipsum primis in faucibus orci luctus et ultrices posuere cubilia Curae; Mauris viverra diam vitae quam. Suspendisse potenti. Nullam porttitor lacus at turpis. Donec posuere metus vitae ipsum. Aliquam non mauris. Morbi non lectus.'),
 (773,185,'Nunc purus.'),
 (774,208,'Cras non velit nec nisi vulputate nonummy. Maecenas tincidunt lacus at velit. Vivamus vel nulla eget eros elementum pellentesque.'),
 (775,90,'Nunc rhoncus dui vel sem. Sed sagittis. Nam congue, risus semper porta volutpat, quam pede lobortis ligula, sit amet eleifend pede libero quis orci. Nullam molestie nibh in lectus.'),
 (776,255,'Quisque ut erat. Curabitur gravida nisi at nibh. In hac habitasse platea dictumst. Aliquam augue quam, sollicitudin vitae, consectetuer eget, rutrum at, lorem. Integer tincidunt ante vel ipsum.'),
 (777,194,'Nunc purus. Phasellus in felis. Donec semper sapien a libero. Nam dui. Proin leo odio, porttitor id, consequat in, consequat ut, nulla. Sed accumsan felis. Ut at dolor quis odio consequat varius.'),
 (778,465,'Etiam vel augue. Vestibulum rutrum rutrum neque. Aenean auctor gravida sem.'),
 (779,405,'Maecenas rhoncus aliquam lacus. Morbi quis tortor id nulla ultrices aliquet. Maecenas leo odio, condimentum id, luctus nec, molestie sed, justo. Pellentesque viverra pede ac diam. Cras pellentesque volutpat dui. Maecenas tristique, est et tempus semper, est quam pharetra magna, ac consequat metus sapien ut nunc. Vestibulum ante ipsum primis in faucibus orci luctus et ultrices posuere cubilia Curae; Mauris viverra diam vitae quam. Suspendisse potenti. Nullam porttitor lacus at turpis.'),
 (780,413,'Donec semper sapien a libero. Nam dui. Proin leo odio, porttitor id, consequat in, consequat ut, nulla. Sed accumsan felis. Ut at dolor quis odio consequat varius. Integer ac leo. Pellentesque ultrices mattis odio.'),
 (781,451,'In eleifend quam a odio. In hac habitasse platea dictumst. Maecenas ut massa quis augue luctus tincidunt. Nulla mollis molestie lorem. Quisque ut erat. Curabitur gravida nisi at nibh.'),
 (782,113,'Maecenas tincidunt lacus at velit. Vivamus vel nulla eget eros elementum pellentesque. Quisque porta volutpat erat. Quisque erat eros, viverra eget, congue eget, semper rutrum, nulla. Nunc purus.'),
 (783,463,'Maecenas pulvinar lobortis est. Phasellus sit amet erat.'),
 (784,55,'Nunc nisl. Duis bibendum, felis sed interdum venenatis, turpis enim blandit mi, in porttitor pede justo eu massa. Donec dapibus. Duis at velit eu est congue elementum. In hac habitasse platea dictumst. Morbi vestibulum, velit id pretium iaculis, diam erat fermentum justo, nec condimentum neque sapien placerat ante. Nulla justo. Aliquam quis turpis eget elit sodales scelerisque. Mauris sit amet eros. Suspendisse accumsan tortor quis turpis.'),
 (785,62,'Duis bibendum. Morbi non quam nec dui luctus rutrum.'),
 (786,499,'Nullam orci pede, venenatis non, sodales sed, tincidunt eu, felis. Fusce posuere felis sed lacus. Morbi sem mauris, laoreet ut, rhoncus aliquet, pulvinar sed, nisl. Nunc rhoncus dui vel sem. Sed sagittis. Nam congue, risus semper porta volutpat, quam pede lobortis ligula, sit amet eleifend pede libero quis orci. Nullam molestie nibh in lectus.'),
 (787,294,'Praesent blandit. Nam nulla. Integer pede justo, lacinia eget, tincidunt eget, tempus vel, pede. Morbi porttitor lorem id ligula. Suspendisse ornare consequat lectus. In est risus, auctor sed, tristique in, tempus sit amet, sem. Fusce consequat. Nulla nisl. Nunc nisl.'),
 (788,363,'Vivamus metus arcu, adipiscing molestie, hendrerit at, vulputate vitae, nisl. Aenean lectus. Pellentesque eget nunc. Donec quis orci eget orci vehicula condimentum. Curabitur in libero ut massa volutpat convallis.'),
 (789,271,'Vestibulum rutrum rutrum neque. Aenean auctor gravida sem.'),
 (791,145,'Lorem ipsum dolor sit amet, consectetuer adipiscing elit. Proin risus. Praesent lectus. Vestibulum quam sapien, varius ut, blandit non, interdum in, ante. Vestibulum ante ipsum primis in faucibus orci luctus et ultrices posuere cubilia Curae; Duis faucibus accumsan odio. Curabitur convallis. Duis consequat dui nec nisi volutpat eleifend.'),
 (792,110,'Fusce lacus purus, aliquet at, feugiat non, pretium quis, lectus. Suspendisse potenti. In eleifend quam a odio. In hac habitasse platea dictumst. Maecenas ut massa quis augue luctus tincidunt. Nulla mollis molestie lorem. Quisque ut erat. Curabitur gravida nisi at nibh. In hac habitasse platea dictumst.'),
 (793,75,'Cras pellentesque volutpat dui. Maecenas tristique, est et tempus semper, est quam pharetra magna, ac consequat metus sapien ut nunc. Vestibulum ante ipsum primis in faucibus orci luctus et ultrices posuere cubilia Curae; Mauris viverra diam vitae quam. Suspendisse potenti. Nullam porttitor lacus at turpis. Donec posuere metus vitae ipsum.'),
 (794,465,'Vivamus vel nulla eget eros elementum pellentesque. Quisque porta volutpat erat. Quisque erat eros, viverra eget, congue eget, semper rutrum, nulla. Nunc purus. Phasellus in felis. Donec semper sapien a libero.'),
 (795,168,'Etiam pretium iaculis justo. In hac habitasse platea dictumst. Etiam faucibus cursus urna. Ut tellus. Nulla ut erat id mauris vulputate elementum. Nullam varius. Nulla facilisi. Cras non velit nec nisi vulputate nonummy.'),
 (796,15,'Vivamus vel nulla eget eros elementum pellentesque. Quisque porta volutpat erat. Quisque erat eros, viverra eget, congue eget, semper rutrum, nulla. Nunc purus. Phasellus in felis.'),
 (797,359,'Cum sociis natoque penatibus et magnis dis parturient montes, nascetur ridiculus mus. Vivamus vestibulum sagittis sapien. Cum sociis natoque penatibus et magnis dis parturient montes, nascetur ridiculus mus. Etiam vel augue. Vestibulum rutrum rutrum neque. Aenean auctor gravida sem. Praesent id massa id nisl venenatis lacinia. Aenean sit amet justo. Morbi ut odio. Cras mi pede, malesuada in, imperdiet et, commodo vulputate, justo.'),
 (798,324,'Mauris lacinia sapien quis libero. Nullam sit amet turpis elementum ligula vehicula consequat. Morbi a ipsum. Integer a nibh. In quis justo. Maecenas rhoncus aliquam lacus. Morbi quis tortor id nulla ultrices aliquet. Maecenas leo odio, condimentum id, luctus nec, molestie sed, justo. Pellentesque viverra pede ac diam.'),
 (799,64,'Maecenas leo odio, condimentum id, luctus nec, molestie sed, justo. Pellentesque viverra pede ac diam. Cras pellentesque volutpat dui. Maecenas tristique, est et tempus semper, est quam pharetra magna, ac consequat metus sapien ut nunc. Vestibulum ante ipsum primis in faucibus orci luctus et ultrices posuere cubilia Curae; Mauris viverra diam vitae quam.'),
 (800,119,'Nulla nisl. Nunc nisl.'),
 (801,104,'Nunc purus. Phasellus in felis. Donec semper sapien a libero. Nam dui. Proin leo odio, porttitor id, consequat in, consequat ut, nulla. Sed accumsan felis. Ut at dolor quis odio consequat varius. Integer ac leo. Pellentesque ultrices mattis odio.'),
 (802,364,'Duis consequat dui nec nisi volutpat eleifend. Donec ut dolor. Morbi vel lectus in quam fringilla rhoncus. Mauris enim leo, rhoncus sed, vestibulum sit amet, cursus id, turpis. Integer aliquet, massa id lobortis convallis, tortor risus dapibus augue, vel accumsan tellus nisi eu orci. Mauris lacinia sapien quis libero. Nullam sit amet turpis elementum ligula vehicula consequat. Morbi a ipsum. Integer a nibh. In quis justo.'),
 (803,210,'Phasellus in felis. Donec semper sapien a libero. Nam dui.'),
 (804,328,'Praesent blandit. Nam nulla. Integer pede justo, lacinia eget, tincidunt eget, tempus vel, pede. Morbi porttitor lorem id ligula. Suspendisse ornare consequat lectus.'),
 (805,346,'Ut tellus.'),
 (806,432,'Duis consequat dui nec nisi volutpat eleifend.'),
 (807,454,'Integer aliquet, massa id lobortis convallis, tortor risus dapibus augue, vel accumsan tellus nisi eu orci. Mauris lacinia sapien quis libero. Nullam sit amet turpis elementum ligula vehicula consequat. Morbi a ipsum. Integer a nibh. In quis justo. Maecenas rhoncus aliquam lacus.'),
 (808,319,'Morbi quis tortor id nulla ultrices aliquet. Maecenas leo odio, condimentum id, luctus nec, molestie sed, justo. Pellentesque viverra pede ac diam. Cras pellentesque volutpat dui. Maecenas tristique, est et tempus semper, est quam pharetra magna, ac consequat metus sapien ut nunc. Vestibulum ante ipsum primis in faucibus orci luctus et ultrices posuere cubilia Curae; Mauris viverra diam vitae quam. Suspendisse potenti. Nullam porttitor lacus at turpis. Donec posuere metus vitae ipsum.'),
 (809,183,'Proin leo odio, porttitor id, consequat in, consequat ut, nulla. Sed accumsan felis. Ut at dolor quis odio consequat varius. Integer ac leo. Pellentesque ultrices mattis odio. Donec vitae nisi. Nam ultrices, libero non mattis pulvinar, nulla pede ullamcorper augue, a suscipit nulla elit ac nulla. Sed vel enim sit amet nunc viverra dapibus.'),
 (810,413,'Duis consequat dui nec nisi volutpat eleifend. Donec ut dolor. Morbi vel lectus in quam fringilla rhoncus. Mauris enim leo, rhoncus sed, vestibulum sit amet, cursus id, turpis. Integer aliquet, massa id lobortis convallis, tortor risus dapibus augue, vel accumsan tellus nisi eu orci. Mauris lacinia sapien quis libero. Nullam sit amet turpis elementum ligula vehicula consequat. Morbi a ipsum. Integer a nibh. In quis justo.'),
 (811,180,'Proin risus. Praesent lectus. Vestibulum quam sapien, varius ut, blandit non, interdum in, ante. Vestibulum ante ipsum primis in faucibus orci luctus et ultrices posuere cubilia Curae; Duis faucibus accumsan odio. Curabitur convallis. Duis consequat dui nec nisi volutpat eleifend. Donec ut dolor. Morbi vel lectus in quam fringilla rhoncus.'),
 (812,465,'Nulla justo. Aliquam quis turpis eget elit sodales scelerisque.'),
 (813,339,'Aliquam augue quam, sollicitudin vitae, consectetuer eget, rutrum at, lorem. Integer tincidunt ante vel ipsum. Praesent blandit lacinia erat. Vestibulum sed magna at nunc commodo placerat. Praesent blandit. Nam nulla.'),
 (814,2,'Aliquam non mauris. Morbi non lectus. Aliquam sit amet diam in magna bibendum imperdiet. Nullam orci pede, venenatis non, sodales sed, tincidunt eu, felis. Fusce posuere felis sed lacus.'),
 (815,260,'Sed accumsan felis. Ut at dolor quis odio consequat varius. Integer ac leo. Pellentesque ultrices mattis odio. Donec vitae nisi. Nam ultrices, libero non mattis pulvinar, nulla pede ullamcorper augue, a suscipit nulla elit ac nulla. Sed vel enim sit amet nunc viverra dapibus. Nulla suscipit ligula in lacus. Curabitur at ipsum ac tellus semper interdum.'),
 (816,248,'Pellentesque ultrices mattis odio. Donec vitae nisi. Nam ultrices, libero non mattis pulvinar, nulla pede ullamcorper augue, a suscipit nulla elit ac nulla. Sed vel enim sit amet nunc viverra dapibus.'),
 (817,219,'Duis bibendum, felis sed interdum venenatis, turpis enim blandit mi, in porttitor pede justo eu massa. Donec dapibus. Duis at velit eu est congue elementum. In hac habitasse platea dictumst.'),
 (818,64,'Quisque id justo sit amet sapien dignissim vestibulum. Vestibulum ante ipsum primis in faucibus orci luctus et ultrices posuere cubilia Curae; Nulla dapibus dolor vel est. Donec odio justo, sollicitudin ut, suscipit a, feugiat et, eros. Vestibulum ac est lacinia nisi venenatis tristique. Fusce congue, diam id ornare imperdiet, sapien urna pretium nisl, ut volutpat sapien arcu sed augue. Aliquam erat volutpat.'),
 (819,414,'Donec diam neque, vestibulum eget, vulputate ut, ultrices vel, augue. Vestibulum ante ipsum primis in faucibus orci luctus et ultrices posuere cubilia Curae; Donec pharetra, magna vestibulum aliquet ultrices, erat tortor sollicitudin mi, sit amet lobortis sapien sapien non mi. Integer ac neque. Duis bibendum. Morbi non quam nec dui luctus rutrum. Nulla tellus.'),
 (820,280,'Curabitur gravida nisi at nibh. In hac habitasse platea dictumst. Aliquam augue quam, sollicitudin vitae, consectetuer eget, rutrum at, lorem.'),
 (821,490,'Vestibulum ante ipsum primis in faucibus orci luctus et ultrices posuere cubilia Curae; Nulla dapibus dolor vel est. Donec odio justo, sollicitudin ut, suscipit a, feugiat et, eros. Vestibulum ac est lacinia nisi venenatis tristique. Fusce congue, diam id ornare imperdiet, sapien urna pretium nisl, ut volutpat sapien arcu sed augue.'),
 (822,393,'Pellentesque ultrices mattis odio.'),
 (823,172,'Vivamus in felis eu sapien cursus vestibulum. Proin eu mi. Nulla ac enim. In tempor, turpis nec euismod scelerisque, quam turpis adipiscing lorem, vitae mattis nibh ligula nec sem. Duis aliquam convallis nunc. Proin at turpis a pede posuere nonummy. Integer non velit.'),
 (824,475,'Phasellus id sapien in sapien iaculis congue. Vivamus metus arcu, adipiscing molestie, hendrerit at, vulputate vitae, nisl. Aenean lectus. Pellentesque eget nunc. Donec quis orci eget orci vehicula condimentum. Curabitur in libero ut massa volutpat convallis. Morbi odio odio, elementum eu, interdum eu, tincidunt in, leo. Maecenas pulvinar lobortis est. Phasellus sit amet erat. Nulla tempus.'),
 (825,311,'Praesent lectus. Vestibulum quam sapien, varius ut, blandit non, interdum in, ante. Vestibulum ante ipsum primis in faucibus orci luctus et ultrices posuere cubilia Curae; Duis faucibus accumsan odio. Curabitur convallis. Duis consequat dui nec nisi volutpat eleifend. Donec ut dolor. Morbi vel lectus in quam fringilla rhoncus. Mauris enim leo, rhoncus sed, vestibulum sit amet, cursus id, turpis. Integer aliquet, massa id lobortis convallis, tortor risus dapibus augue, vel accumsan tellus nisi eu orci.'),
 (826,379,'Pellentesque at nulla. Suspendisse potenti.'),
 (827,238,'Etiam justo. Etiam pretium iaculis justo. In hac habitasse platea dictumst. Etiam faucibus cursus urna. Ut tellus. Nulla ut erat id mauris vulputate elementum. Nullam varius. Nulla facilisi. Cras non velit nec nisi vulputate nonummy. Maecenas tincidunt lacus at velit.'),
 (828,205,'Cras pellentesque volutpat dui. Maecenas tristique, est et tempus semper, est quam pharetra magna, ac consequat metus sapien ut nunc. Vestibulum ante ipsum primis in faucibus orci luctus et ultrices posuere cubilia Curae; Mauris viverra diam vitae quam. Suspendisse potenti. Nullam porttitor lacus at turpis.'),
 (829,412,'Cum sociis natoque penatibus et magnis dis parturient montes, nascetur ridiculus mus. Etiam vel augue. Vestibulum rutrum rutrum neque. Aenean auctor gravida sem.'),
 (830,292,'Aliquam quis turpis eget elit sodales scelerisque. Mauris sit amet eros. Suspendisse accumsan tortor quis turpis. Sed ante. Vivamus tortor.'),
 (831,73,'Duis aliquam convallis nunc. Proin at turpis a pede posuere nonummy. Integer non velit.'),
 (832,232,'In hac habitasse platea dictumst. Morbi vestibulum, velit id pretium iaculis, diam erat fermentum justo, nec condimentum neque sapien placerat ante. Nulla justo. Aliquam quis turpis eget elit sodales scelerisque. Mauris sit amet eros. Suspendisse accumsan tortor quis turpis.'),
 (833,61,'Duis ac nibh. Fusce lacus purus, aliquet at, feugiat non, pretium quis, lectus. Suspendisse potenti. In eleifend quam a odio. In hac habitasse platea dictumst. Maecenas ut massa quis augue luctus tincidunt. Nulla mollis molestie lorem. Quisque ut erat. Curabitur gravida nisi at nibh.'),
 (834,132,'Nulla suscipit ligula in lacus. Curabitur at ipsum ac tellus semper interdum.'),
 (835,484,'Maecenas tincidunt lacus at velit. Vivamus vel nulla eget eros elementum pellentesque. Quisque porta volutpat erat. Quisque erat eros, viverra eget, congue eget, semper rutrum, nulla. Nunc purus.'),
 (836,251,'Donec ut mauris eget massa tempor convallis. Nulla neque libero, convallis eget, eleifend luctus, ultricies eu, nibh.'),
 (837,218,'Pellentesque at nulla. Suspendisse potenti. Cras in purus eu magna vulputate luctus. Cum sociis natoque penatibus et magnis dis parturient montes, nascetur ridiculus mus. Vivamus vestibulum sagittis sapien. Cum sociis natoque penatibus et magnis dis parturient montes, nascetur ridiculus mus. Etiam vel augue. Vestibulum rutrum rutrum neque. Aenean auctor gravida sem.'),
 (838,326,'Vivamus vel nulla eget eros elementum pellentesque. Quisque porta volutpat erat. Quisque erat eros, viverra eget, congue eget, semper rutrum, nulla. Nunc purus. Phasellus in felis. Donec semper sapien a libero. Nam dui. Proin leo odio, porttitor id, consequat in, consequat ut, nulla. Sed accumsan felis. Ut at dolor quis odio consequat varius.'),
 (839,425,'Nulla facilisi. Cras non velit nec nisi vulputate nonummy. Maecenas tincidunt lacus at velit. Vivamus vel nulla eget eros elementum pellentesque.'),
 (840,348,'Duis aliquam convallis nunc. Proin at turpis a pede posuere nonummy. Integer non velit. Donec diam neque, vestibulum eget, vulputate ut, ultrices vel, augue. Vestibulum ante ipsum primis in faucibus orci luctus et ultrices posuere cubilia Curae; Donec pharetra, magna vestibulum aliquet ultrices, erat tortor sollicitudin mi, sit amet lobortis sapien sapien non mi. Integer ac neque. Duis bibendum. Morbi non quam nec dui luctus rutrum.'),
 (841,189,'Nulla facilisi. Cras non velit nec nisi vulputate nonummy. Maecenas tincidunt lacus at velit. Vivamus vel nulla eget eros elementum pellentesque. Quisque porta volutpat erat. Quisque erat eros, viverra eget, congue eget, semper rutrum, nulla. Nunc purus. Phasellus in felis. Donec semper sapien a libero. Nam dui.'),
 (842,144,'Integer pede justo, lacinia eget, tincidunt eget, tempus vel, pede. Morbi porttitor lorem id ligula. Suspendisse ornare consequat lectus. In est risus, auctor sed, tristique in, tempus sit amet, sem. Fusce consequat.'),
 (843,383,'Nam nulla. Integer pede justo, lacinia eget, tincidunt eget, tempus vel, pede. Morbi porttitor lorem id ligula. Suspendisse ornare consequat lectus. In est risus, auctor sed, tristique in, tempus sit amet, sem. Fusce consequat. Nulla nisl.'),
 (844,252,'In eleifend quam a odio. In hac habitasse platea dictumst. Maecenas ut massa quis augue luctus tincidunt. Nulla mollis molestie lorem. Quisque ut erat. Curabitur gravida nisi at nibh. In hac habitasse platea dictumst.'),
 (845,308,'Nunc purus. Phasellus in felis. Donec semper sapien a libero. Nam dui. Proin leo odio, porttitor id, consequat in, consequat ut, nulla. Sed accumsan felis. Ut at dolor quis odio consequat varius. Integer ac leo. Pellentesque ultrices mattis odio. Donec vitae nisi.'),
 (846,447,'Aenean lectus. Pellentesque eget nunc. Donec quis orci eget orci vehicula condimentum. Curabitur in libero ut massa volutpat convallis. Morbi odio odio, elementum eu, interdum eu, tincidunt in, leo. Maecenas pulvinar lobortis est. Phasellus sit amet erat.'),
 (847,496,'Nulla neque libero, convallis eget, eleifend luctus, ultricies eu, nibh. Quisque id justo sit amet sapien dignissim vestibulum. Vestibulum ante ipsum primis in faucibus orci luctus et ultrices posuere cubilia Curae; Nulla dapibus dolor vel est. Donec odio justo, sollicitudin ut, suscipit a, feugiat et, eros. Vestibulum ac est lacinia nisi venenatis tristique. Fusce congue, diam id ornare imperdiet, sapien urna pretium nisl, ut volutpat sapien arcu sed augue.'),
 (848,110,'Praesent blandit lacinia erat. Vestibulum sed magna at nunc commodo placerat. Praesent blandit. Nam nulla.'),
 (849,255,'In hac habitasse platea dictumst. Morbi vestibulum, velit id pretium iaculis, diam erat fermentum justo, nec condimentum neque sapien placerat ante. Nulla justo. Aliquam quis turpis eget elit sodales scelerisque.'),
 (850,173,'Etiam vel augue. Vestibulum rutrum rutrum neque. Aenean auctor gravida sem. Praesent id massa id nisl venenatis lacinia. Aenean sit amet justo. Morbi ut odio. Cras mi pede, malesuada in, imperdiet et, commodo vulputate, justo.'),
 (851,476,'Curabitur convallis. Duis consequat dui nec nisi volutpat eleifend. Donec ut dolor. Morbi vel lectus in quam fringilla rhoncus. Mauris enim leo, rhoncus sed, vestibulum sit amet, cursus id, turpis. Integer aliquet, massa id lobortis convallis, tortor risus dapibus augue, vel accumsan tellus nisi eu orci. Mauris lacinia sapien quis libero. Nullam sit amet turpis elementum ligula vehicula consequat.'),
 (852,301,'Duis aliquam convallis nunc. Proin at turpis a pede posuere nonummy. Integer non velit. Donec diam neque, vestibulum eget, vulputate ut, ultrices vel, augue. Vestibulum ante ipsum primis in faucibus orci luctus et ultrices posuere cubilia Curae; Donec pharetra, magna vestibulum aliquet ultrices, erat tortor sollicitudin mi, sit amet lobortis sapien sapien non mi. Integer ac neque. Duis bibendum. Morbi non quam nec dui luctus rutrum. Nulla tellus.'),
 (853,233,'Vivamus vel nulla eget eros elementum pellentesque. Quisque porta volutpat erat. Quisque erat eros, viverra eget, congue eget, semper rutrum, nulla. Nunc purus. Phasellus in felis. Donec semper sapien a libero. Nam dui. Proin leo odio, porttitor id, consequat in, consequat ut, nulla. Sed accumsan felis. Ut at dolor quis odio consequat varius.'),
 (854,58,'Cras non velit nec nisi vulputate nonummy. Maecenas tincidunt lacus at velit. Vivamus vel nulla eget eros elementum pellentesque. Quisque porta volutpat erat. Quisque erat eros, viverra eget, congue eget, semper rutrum, nulla. Nunc purus. Phasellus in felis. Donec semper sapien a libero. Nam dui. Proin leo odio, porttitor id, consequat in, consequat ut, nulla.'),
 (855,208,'Morbi porttitor lorem id ligula. Suspendisse ornare consequat lectus. In est risus, auctor sed, tristique in, tempus sit amet, sem. Fusce consequat. Nulla nisl. Nunc nisl.'),
 (856,186,'In quis justo. Maecenas rhoncus aliquam lacus. Morbi quis tortor id nulla ultrices aliquet. Maecenas leo odio, condimentum id, luctus nec, molestie sed, justo. Pellentesque viverra pede ac diam. Cras pellentesque volutpat dui. Maecenas tristique, est et tempus semper, est quam pharetra magna, ac consequat metus sapien ut nunc.'),
 (857,429,'Mauris enim leo, rhoncus sed, vestibulum sit amet, cursus id, turpis. Integer aliquet, massa id lobortis convallis, tortor risus dapibus augue, vel accumsan tellus nisi eu orci. Mauris lacinia sapien quis libero. Nullam sit amet turpis elementum ligula vehicula consequat. Morbi a ipsum. Integer a nibh. In quis justo. Maecenas rhoncus aliquam lacus.'),
 (858,245,'Cras pellentesque volutpat dui. Maecenas tristique, est et tempus semper, est quam pharetra magna, ac consequat metus sapien ut nunc. Vestibulum ante ipsum primis in faucibus orci luctus et ultrices posuere cubilia Curae; Mauris viverra diam vitae quam. Suspendisse potenti. Nullam porttitor lacus at turpis. Donec posuere metus vitae ipsum. Aliquam non mauris. Morbi non lectus. Aliquam sit amet diam in magna bibendum imperdiet. Nullam orci pede, venenatis non, sodales sed, tincidunt eu, felis.'),
 (859,75,'Donec diam neque, vestibulum eget, vulputate ut, ultrices vel, augue. Vestibulum ante ipsum primis in faucibus orci luctus et ultrices posuere cubilia Curae; Donec pharetra, magna vestibulum aliquet ultrices, erat tortor sollicitudin mi, sit amet lobortis sapien sapien non mi. Integer ac neque. Duis bibendum. Morbi non quam nec dui luctus rutrum. Nulla tellus.'),
 (860,437,'Quisque erat eros, viverra eget, congue eget, semper rutrum, nulla. Nunc purus. Phasellus in felis. Donec semper sapien a libero. Nam dui.'),
 (861,191,'Vivamus tortor. Duis mattis egestas metus. Aenean fermentum. Donec ut mauris eget massa tempor convallis. Nulla neque libero, convallis eget, eleifend luctus, ultricies eu, nibh. Quisque id justo sit amet sapien dignissim vestibulum.'),
 (862,247,'Vestibulum ante ipsum primis in faucibus orci luctus et ultrices posuere cubilia Curae; Duis faucibus accumsan odio. Curabitur convallis. Duis consequat dui nec nisi volutpat eleifend. Donec ut dolor. Morbi vel lectus in quam fringilla rhoncus. Mauris enim leo, rhoncus sed, vestibulum sit amet, cursus id, turpis. Integer aliquet, massa id lobortis convallis, tortor risus dapibus augue, vel accumsan tellus nisi eu orci. Mauris lacinia sapien quis libero. Nullam sit amet turpis elementum ligula vehicula consequat. Morbi a ipsum.'),
 (863,433,'Integer tincidunt ante vel ipsum. Praesent blandit lacinia erat. Vestibulum sed magna at nunc commodo placerat.'),
 (864,389,'Aliquam non mauris. Morbi non lectus. Aliquam sit amet diam in magna bibendum imperdiet. Nullam orci pede, venenatis non, sodales sed, tincidunt eu, felis. Fusce posuere felis sed lacus. Morbi sem mauris, laoreet ut, rhoncus aliquet, pulvinar sed, nisl.'),
 (865,475,'Integer pede justo, lacinia eget, tincidunt eget, tempus vel, pede.'),
 (866,450,'Integer a nibh. In quis justo. Maecenas rhoncus aliquam lacus. Morbi quis tortor id nulla ultrices aliquet. Maecenas leo odio, condimentum id, luctus nec, molestie sed, justo. Pellentesque viverra pede ac diam. Cras pellentesque volutpat dui. Maecenas tristique, est et tempus semper, est quam pharetra magna, ac consequat metus sapien ut nunc. Vestibulum ante ipsum primis in faucibus orci luctus et ultrices posuere cubilia Curae; Mauris viverra diam vitae quam. Suspendisse potenti.'),
 (867,186,'Duis bibendum. Morbi non quam nec dui luctus rutrum. Nulla tellus. In sagittis dui vel nisl. Duis ac nibh.'),
 (868,14,'Donec ut mauris eget massa tempor convallis. Nulla neque libero, convallis eget, eleifend luctus, ultricies eu, nibh. Quisque id justo sit amet sapien dignissim vestibulum. Vestibulum ante ipsum primis in faucibus orci luctus et ultrices posuere cubilia Curae; Nulla dapibus dolor vel est. Donec odio justo, sollicitudin ut, suscipit a, feugiat et, eros.'),
 (869,44,'Mauris enim leo, rhoncus sed, vestibulum sit amet, cursus id, turpis. Integer aliquet, massa id lobortis convallis, tortor risus dapibus augue, vel accumsan tellus nisi eu orci. Mauris lacinia sapien quis libero. Nullam sit amet turpis elementum ligula vehicula consequat. Morbi a ipsum. Integer a nibh. In quis justo. Maecenas rhoncus aliquam lacus. Morbi quis tortor id nulla ultrices aliquet. Maecenas leo odio, condimentum id, luctus nec, molestie sed, justo.'),
 (870,164,'Integer ac leo. Pellentesque ultrices mattis odio. Donec vitae nisi. Nam ultrices, libero non mattis pulvinar, nulla pede ullamcorper augue, a suscipit nulla elit ac nulla. Sed vel enim sit amet nunc viverra dapibus. Nulla suscipit ligula in lacus. Curabitur at ipsum ac tellus semper interdum. Mauris ullamcorper purus sit amet nulla.'),
 (871,434,'Morbi sem mauris, laoreet ut, rhoncus aliquet, pulvinar sed, nisl. Nunc rhoncus dui vel sem. Sed sagittis. Nam congue, risus semper porta volutpat, quam pede lobortis ligula, sit amet eleifend pede libero quis orci. Nullam molestie nibh in lectus. Pellentesque at nulla. Suspendisse potenti.'),
 (872,214,'Maecenas rhoncus aliquam lacus. Morbi quis tortor id nulla ultrices aliquet. Maecenas leo odio, condimentum id, luctus nec, molestie sed, justo. Pellentesque viverra pede ac diam. Cras pellentesque volutpat dui. Maecenas tristique, est et tempus semper, est quam pharetra magna, ac consequat metus sapien ut nunc. Vestibulum ante ipsum primis in faucibus orci luctus et ultrices posuere cubilia Curae; Mauris viverra diam vitae quam. Suspendisse potenti. Nullam porttitor lacus at turpis. Donec posuere metus vitae ipsum.'),
 (873,445,'Maecenas tristique, est et tempus semper, est quam pharetra magna, ac consequat metus sapien ut nunc. Vestibulum ante ipsum primis in faucibus orci luctus et ultrices posuere cubilia Curae; Mauris viverra diam vitae quam. Suspendisse potenti. Nullam porttitor lacus at turpis. Donec posuere metus vitae ipsum. Aliquam non mauris.'),
 (874,46,'Vivamus in felis eu sapien cursus vestibulum. Proin eu mi.'),
 (875,77,'Vestibulum quam sapien, varius ut, blandit non, interdum in, ante. Vestibulum ante ipsum primis in faucibus orci luctus et ultrices posuere cubilia Curae; Duis faucibus accumsan odio.'),
 (876,295,'Cras in purus eu magna vulputate luctus. Cum sociis natoque penatibus et magnis dis parturient montes, nascetur ridiculus mus. Vivamus vestibulum sagittis sapien.'),
 (877,335,'Integer tincidunt ante vel ipsum. Praesent blandit lacinia erat.'),
 (878,216,'Etiam faucibus cursus urna. Ut tellus. Nulla ut erat id mauris vulputate elementum. Nullam varius.'),
 (879,204,'Integer ac leo. Pellentesque ultrices mattis odio. Donec vitae nisi. Nam ultrices, libero non mattis pulvinar, nulla pede ullamcorper augue, a suscipit nulla elit ac nulla. Sed vel enim sit amet nunc viverra dapibus. Nulla suscipit ligula in lacus. Curabitur at ipsum ac tellus semper interdum.'),
 (880,336,'Pellentesque viverra pede ac diam. Cras pellentesque volutpat dui. Maecenas tristique, est et tempus semper, est quam pharetra magna, ac consequat metus sapien ut nunc.'),
 (881,309,'Vestibulum ac est lacinia nisi venenatis tristique. Fusce congue, diam id ornare imperdiet, sapien urna pretium nisl, ut volutpat sapien arcu sed augue. Aliquam erat volutpat. In congue. Etiam justo. Etiam pretium iaculis justo. In hac habitasse platea dictumst.'),
 (882,98,'Sed ante. Vivamus tortor.'),
 (883,284,'Etiam vel augue. Vestibulum rutrum rutrum neque. Aenean auctor gravida sem. Praesent id massa id nisl venenatis lacinia. Aenean sit amet justo.'),
 (884,27,'In congue. Etiam justo. Etiam pretium iaculis justo.'),
 (885,149,'Morbi odio odio, elementum eu, interdum eu, tincidunt in, leo. Maecenas pulvinar lobortis est. Phasellus sit amet erat. Nulla tempus. Vivamus in felis eu sapien cursus vestibulum. Proin eu mi.'),
 (886,301,'Morbi non quam nec dui luctus rutrum. Nulla tellus. In sagittis dui vel nisl. Duis ac nibh. Fusce lacus purus, aliquet at, feugiat non, pretium quis, lectus. Suspendisse potenti. In eleifend quam a odio.'),
 (887,192,'Quisque id justo sit amet sapien dignissim vestibulum. Vestibulum ante ipsum primis in faucibus orci luctus et ultrices posuere cubilia Curae; Nulla dapibus dolor vel est. Donec odio justo, sollicitudin ut, suscipit a, feugiat et, eros.'),
 (888,18,'Vivamus tortor. Duis mattis egestas metus. Aenean fermentum. Donec ut mauris eget massa tempor convallis. Nulla neque libero, convallis eget, eleifend luctus, ultricies eu, nibh. Quisque id justo sit amet sapien dignissim vestibulum. Vestibulum ante ipsum primis in faucibus orci luctus et ultrices posuere cubilia Curae; Nulla dapibus dolor vel est.'),
 (889,53,'Morbi sem mauris, laoreet ut, rhoncus aliquet, pulvinar sed, nisl. Nunc rhoncus dui vel sem. Sed sagittis. Nam congue, risus semper porta volutpat, quam pede lobortis ligula, sit amet eleifend pede libero quis orci. Nullam molestie nibh in lectus. Pellentesque at nulla. Suspendisse potenti.'),
 (890,407,'Duis bibendum, felis sed interdum venenatis, turpis enim blandit mi, in porttitor pede justo eu massa. Donec dapibus. Duis at velit eu est congue elementum. In hac habitasse platea dictumst. Morbi vestibulum, velit id pretium iaculis, diam erat fermentum justo, nec condimentum neque sapien placerat ante. Nulla justo. Aliquam quis turpis eget elit sodales scelerisque. Mauris sit amet eros.'),
 (891,305,'Duis aliquam convallis nunc. Proin at turpis a pede posuere nonummy.'),
 (892,45,'Cras in purus eu magna vulputate luctus. Cum sociis natoque penatibus et magnis dis parturient montes, nascetur ridiculus mus. Vivamus vestibulum sagittis sapien. Cum sociis natoque penatibus et magnis dis parturient montes, nascetur ridiculus mus. Etiam vel augue. Vestibulum rutrum rutrum neque. Aenean auctor gravida sem. Praesent id massa id nisl venenatis lacinia. Aenean sit amet justo.'),
 (893,78,'Phasellus sit amet erat. Nulla tempus. Vivamus in felis eu sapien cursus vestibulum. Proin eu mi. Nulla ac enim. In tempor, turpis nec euismod scelerisque, quam turpis adipiscing lorem, vitae mattis nibh ligula nec sem. Duis aliquam convallis nunc. Proin at turpis a pede posuere nonummy. Integer non velit. Donec diam neque, vestibulum eget, vulputate ut, ultrices vel, augue.'),
 (894,44,'Integer pede justo, lacinia eget, tincidunt eget, tempus vel, pede. Morbi porttitor lorem id ligula. Suspendisse ornare consequat lectus. In est risus, auctor sed, tristique in, tempus sit amet, sem. Fusce consequat. Nulla nisl. Nunc nisl.'),
 (895,55,'Pellentesque viverra pede ac diam. Cras pellentesque volutpat dui.'),
 (897,275,'Aenean auctor gravida sem. Praesent id massa id nisl venenatis lacinia. Aenean sit amet justo.'),
 (898,325,'Nulla ac enim. In tempor, turpis nec euismod scelerisque, quam turpis adipiscing lorem, vitae mattis nibh ligula nec sem. Duis aliquam convallis nunc.'),
 (899,32,'Praesent lectus. Vestibulum quam sapien, varius ut, blandit non, interdum in, ante. Vestibulum ante ipsum primis in faucibus orci luctus et ultrices posuere cubilia Curae; Duis faucibus accumsan odio. Curabitur convallis. Duis consequat dui nec nisi volutpat eleifend. Donec ut dolor. Morbi vel lectus in quam fringilla rhoncus. Mauris enim leo, rhoncus sed, vestibulum sit amet, cursus id, turpis.'),
 (900,225,'Mauris lacinia sapien quis libero. Nullam sit amet turpis elementum ligula vehicula consequat.'),
 (901,440,'In quis justo. Maecenas rhoncus aliquam lacus. Morbi quis tortor id nulla ultrices aliquet. Maecenas leo odio, condimentum id, luctus nec, molestie sed, justo. Pellentesque viverra pede ac diam. Cras pellentesque volutpat dui. Maecenas tristique, est et tempus semper, est quam pharetra magna, ac consequat metus sapien ut nunc.'),
 (902,46,'Integer pede justo, lacinia eget, tincidunt eget, tempus vel, pede.'),
 (903,274,'Maecenas ut massa quis augue luctus tincidunt. Nulla mollis molestie lorem. Quisque ut erat.'),
 (904,196,'In blandit ultrices enim. Lorem ipsum dolor sit amet, consectetuer adipiscing elit. Proin interdum mauris non ligula pellentesque ultrices. Phasellus id sapien in sapien iaculis congue. Vivamus metus arcu, adipiscing molestie, hendrerit at, vulputate vitae, nisl.'),
 (905,94,'Donec dapibus. Duis at velit eu est congue elementum. In hac habitasse platea dictumst. Morbi vestibulum, velit id pretium iaculis, diam erat fermentum justo, nec condimentum neque sapien placerat ante. Nulla justo. Aliquam quis turpis eget elit sodales scelerisque. Mauris sit amet eros. Suspendisse accumsan tortor quis turpis.'),
 (906,285,'Phasellus in felis. Donec semper sapien a libero. Nam dui. Proin leo odio, porttitor id, consequat in, consequat ut, nulla.'),
 (907,209,'Nulla ut erat id mauris vulputate elementum.'),
 (908,101,'Vivamus metus arcu, adipiscing molestie, hendrerit at, vulputate vitae, nisl.'),
 (909,367,'Cras pellentesque volutpat dui. Maecenas tristique, est et tempus semper, est quam pharetra magna, ac consequat metus sapien ut nunc.'),
 (910,491,'Integer a nibh. In quis justo. Maecenas rhoncus aliquam lacus.'),
 (911,86,'Duis mattis egestas metus. Aenean fermentum. Donec ut mauris eget massa tempor convallis.'),
 (912,452,'Nunc nisl. Duis bibendum, felis sed interdum venenatis, turpis enim blandit mi, in porttitor pede justo eu massa. Donec dapibus. Duis at velit eu est congue elementum. In hac habitasse platea dictumst. Morbi vestibulum, velit id pretium iaculis, diam erat fermentum justo, nec condimentum neque sapien placerat ante.'),
 (913,251,'Praesent blandit lacinia erat. Vestibulum sed magna at nunc commodo placerat. Praesent blandit. Nam nulla. Integer pede justo, lacinia eget, tincidunt eget, tempus vel, pede. Morbi porttitor lorem id ligula. Suspendisse ornare consequat lectus.'),
 (914,38,'Integer non velit. Donec diam neque, vestibulum eget, vulputate ut, ultrices vel, augue. Vestibulum ante ipsum primis in faucibus orci luctus et ultrices posuere cubilia Curae; Donec pharetra, magna vestibulum aliquet ultrices, erat tortor sollicitudin mi, sit amet lobortis sapien sapien non mi. Integer ac neque. Duis bibendum.'),
 (915,119,'Nulla tellus. In sagittis dui vel nisl. Duis ac nibh. Fusce lacus purus, aliquet at, feugiat non, pretium quis, lectus. Suspendisse potenti. In eleifend quam a odio.'),
 (916,300,'Morbi ut odio. Cras mi pede, malesuada in, imperdiet et, commodo vulputate, justo. In blandit ultrices enim. Lorem ipsum dolor sit amet, consectetuer adipiscing elit. Proin interdum mauris non ligula pellentesque ultrices. Phasellus id sapien in sapien iaculis congue.'),
 (917,31,'Morbi a ipsum. Integer a nibh.'),
 (918,434,'Fusce consequat. Nulla nisl. Nunc nisl. Duis bibendum, felis sed interdum venenatis, turpis enim blandit mi, in porttitor pede justo eu massa. Donec dapibus. Duis at velit eu est congue elementum. In hac habitasse platea dictumst. Morbi vestibulum, velit id pretium iaculis, diam erat fermentum justo, nec condimentum neque sapien placerat ante.'),
 (919,308,'Morbi sem mauris, laoreet ut, rhoncus aliquet, pulvinar sed, nisl. Nunc rhoncus dui vel sem. Sed sagittis. Nam congue, risus semper porta volutpat, quam pede lobortis ligula, sit amet eleifend pede libero quis orci. Nullam molestie nibh in lectus.'),
 (920,103,'Vivamus in felis eu sapien cursus vestibulum. Proin eu mi.'),
 (921,145,'Nullam orci pede, venenatis non, sodales sed, tincidunt eu, felis. Fusce posuere felis sed lacus. Morbi sem mauris, laoreet ut, rhoncus aliquet, pulvinar sed, nisl. Nunc rhoncus dui vel sem. Sed sagittis. Nam congue, risus semper porta volutpat, quam pede lobortis ligula, sit amet eleifend pede libero quis orci. Nullam molestie nibh in lectus. Pellentesque at nulla. Suspendisse potenti.'),
 (922,483,'Proin leo odio, porttitor id, consequat in, consequat ut, nulla. Sed accumsan felis. Ut at dolor quis odio consequat varius. Integer ac leo. Pellentesque ultrices mattis odio. Donec vitae nisi. Nam ultrices, libero non mattis pulvinar, nulla pede ullamcorper augue, a suscipit nulla elit ac nulla. Sed vel enim sit amet nunc viverra dapibus. Nulla suscipit ligula in lacus. Curabitur at ipsum ac tellus semper interdum.'),
 (923,219,'Sed accumsan felis. Ut at dolor quis odio consequat varius. Integer ac leo. Pellentesque ultrices mattis odio. Donec vitae nisi. Nam ultrices, libero non mattis pulvinar, nulla pede ullamcorper augue, a suscipit nulla elit ac nulla.'),
 (924,81,'Integer pede justo, lacinia eget, tincidunt eget, tempus vel, pede. Morbi porttitor lorem id ligula. Suspendisse ornare consequat lectus. In est risus, auctor sed, tristique in, tempus sit amet, sem. Fusce consequat. Nulla nisl. Nunc nisl. Duis bibendum, felis sed interdum venenatis, turpis enim blandit mi, in porttitor pede justo eu massa. Donec dapibus.'),
 (925,84,'Nulla nisl. Nunc nisl. Duis bibendum, felis sed interdum venenatis, turpis enim blandit mi, in porttitor pede justo eu massa. Donec dapibus. Duis at velit eu est congue elementum. In hac habitasse platea dictumst. Morbi vestibulum, velit id pretium iaculis, diam erat fermentum justo, nec condimentum neque sapien placerat ante. Nulla justo. Aliquam quis turpis eget elit sodales scelerisque. Mauris sit amet eros.'),
 (926,96,'Quisque ut erat. Curabitur gravida nisi at nibh. In hac habitasse platea dictumst. Aliquam augue quam, sollicitudin vitae, consectetuer eget, rutrum at, lorem. Integer tincidunt ante vel ipsum. Praesent blandit lacinia erat.'),
 (927,1,'Sed vel enim sit amet nunc viverra dapibus. Nulla suscipit ligula in lacus. Curabitur at ipsum ac tellus semper interdum.'),
 (928,379,'Nulla ut erat id mauris vulputate elementum. Nullam varius. Nulla facilisi. Cras non velit nec nisi vulputate nonummy.'),
 (930,132,'Nulla tempus. Vivamus in felis eu sapien cursus vestibulum. Proin eu mi.'),
 (931,316,'Praesent blandit. Nam nulla. Integer pede justo, lacinia eget, tincidunt eget, tempus vel, pede. Morbi porttitor lorem id ligula. Suspendisse ornare consequat lectus.'),
 (932,27,'Donec semper sapien a libero. Nam dui. Proin leo odio, porttitor id, consequat in, consequat ut, nulla.'),
 (933,238,'Etiam vel augue.'),
 (934,424,'Nulla neque libero, convallis eget, eleifend luctus, ultricies eu, nibh. Quisque id justo sit amet sapien dignissim vestibulum. Vestibulum ante ipsum primis in faucibus orci luctus et ultrices posuere cubilia Curae; Nulla dapibus dolor vel est. Donec odio justo, sollicitudin ut, suscipit a, feugiat et, eros.'),
 (935,404,'In hac habitasse platea dictumst. Etiam faucibus cursus urna. Ut tellus. Nulla ut erat id mauris vulputate elementum.'),
 (936,168,'Morbi non quam nec dui luctus rutrum. Nulla tellus. In sagittis dui vel nisl. Duis ac nibh. Fusce lacus purus, aliquet at, feugiat non, pretium quis, lectus. Suspendisse potenti. In eleifend quam a odio. In hac habitasse platea dictumst. Maecenas ut massa quis augue luctus tincidunt. Nulla mollis molestie lorem.'),
 (937,383,'Mauris lacinia sapien quis libero. Nullam sit amet turpis elementum ligula vehicula consequat. Morbi a ipsum. Integer a nibh. In quis justo.'),
 (938,456,'Fusce congue, diam id ornare imperdiet, sapien urna pretium nisl, ut volutpat sapien arcu sed augue. Aliquam erat volutpat. In congue. Etiam justo.'),
 (939,71,'Aliquam sit amet diam in magna bibendum imperdiet.'),
 (940,484,'Aliquam erat volutpat. In congue. Etiam justo.'),
 (941,252,'Maecenas tristique, est et tempus semper, est quam pharetra magna, ac consequat metus sapien ut nunc. Vestibulum ante ipsum primis in faucibus orci luctus et ultrices posuere cubilia Curae; Mauris viverra diam vitae quam. Suspendisse potenti. Nullam porttitor lacus at turpis. Donec posuere metus vitae ipsum.'),
 (942,169,'Morbi porttitor lorem id ligula. Suspendisse ornare consequat lectus. In est risus, auctor sed, tristique in, tempus sit amet, sem.'),
 (943,128,'Quisque porta volutpat erat. Quisque erat eros, viverra eget, congue eget, semper rutrum, nulla. Nunc purus. Phasellus in felis. Donec semper sapien a libero. Nam dui. Proin leo odio, porttitor id, consequat in, consequat ut, nulla.'),
 (944,359,'Donec odio justo, sollicitudin ut, suscipit a, feugiat et, eros. Vestibulum ac est lacinia nisi venenatis tristique. Fusce congue, diam id ornare imperdiet, sapien urna pretium nisl, ut volutpat sapien arcu sed augue. Aliquam erat volutpat. In congue. Etiam justo. Etiam pretium iaculis justo. In hac habitasse platea dictumst. Etiam faucibus cursus urna.'),
 (945,403,'Morbi odio odio, elementum eu, interdum eu, tincidunt in, leo.'),
 (946,111,'Vestibulum sed magna at nunc commodo placerat. Praesent blandit. Nam nulla. Integer pede justo, lacinia eget, tincidunt eget, tempus vel, pede. Morbi porttitor lorem id ligula. Suspendisse ornare consequat lectus. In est risus, auctor sed, tristique in, tempus sit amet, sem. Fusce consequat. Nulla nisl.'),
 (947,369,'Ut tellus.'),
 (948,316,'Proin eu mi. Nulla ac enim. In tempor, turpis nec euismod scelerisque, quam turpis adipiscing lorem, vitae mattis nibh ligula nec sem. Duis aliquam convallis nunc. Proin at turpis a pede posuere nonummy.'),
 (950,178,'In hac habitasse platea dictumst. Morbi vestibulum, velit id pretium iaculis, diam erat fermentum justo, nec condimentum neque sapien placerat ante. Nulla justo.'),
 (951,373,'Suspendisse accumsan tortor quis turpis. Sed ante. Vivamus tortor. Duis mattis egestas metus. Aenean fermentum. Donec ut mauris eget massa tempor convallis. Nulla neque libero, convallis eget, eleifend luctus, ultricies eu, nibh.'),
 (952,362,'Nam nulla. Integer pede justo, lacinia eget, tincidunt eget, tempus vel, pede.'),
 (953,484,'Nunc rhoncus dui vel sem. Sed sagittis. Nam congue, risus semper porta volutpat, quam pede lobortis ligula, sit amet eleifend pede libero quis orci. Nullam molestie nibh in lectus. Pellentesque at nulla. Suspendisse potenti. Cras in purus eu magna vulputate luctus. Cum sociis natoque penatibus et magnis dis parturient montes, nascetur ridiculus mus. Vivamus vestibulum sagittis sapien.'),
 (954,314,'Vestibulum sed magna at nunc commodo placerat. Praesent blandit. Nam nulla. Integer pede justo, lacinia eget, tincidunt eget, tempus vel, pede.'),
 (955,242,'Morbi ut odio. Cras mi pede, malesuada in, imperdiet et, commodo vulputate, justo. In blandit ultrices enim. Lorem ipsum dolor sit amet, consectetuer adipiscing elit. Proin interdum mauris non ligula pellentesque ultrices. Phasellus id sapien in sapien iaculis congue. Vivamus metus arcu, adipiscing molestie, hendrerit at, vulputate vitae, nisl. Aenean lectus. Pellentesque eget nunc. Donec quis orci eget orci vehicula condimentum.'),
 (956,244,'Nam ultrices, libero non mattis pulvinar, nulla pede ullamcorper augue, a suscipit nulla elit ac nulla.'),
 (957,225,'Mauris lacinia sapien quis libero. Nullam sit amet turpis elementum ligula vehicula consequat. Morbi a ipsum. Integer a nibh. In quis justo.'),
 (958,132,'Morbi a ipsum. Integer a nibh. In quis justo. Maecenas rhoncus aliquam lacus. Morbi quis tortor id nulla ultrices aliquet. Maecenas leo odio, condimentum id, luctus nec, molestie sed, justo. Pellentesque viverra pede ac diam. Cras pellentesque volutpat dui.'),
 (959,130,'Nullam molestie nibh in lectus.'),
 (960,338,'Suspendisse ornare consequat lectus. In est risus, auctor sed, tristique in, tempus sit amet, sem. Fusce consequat. Nulla nisl. Nunc nisl. Duis bibendum, felis sed interdum venenatis, turpis enim blandit mi, in porttitor pede justo eu massa. Donec dapibus. Duis at velit eu est congue elementum. In hac habitasse platea dictumst. Morbi vestibulum, velit id pretium iaculis, diam erat fermentum justo, nec condimentum neque sapien placerat ante.'),
 (961,363,'Donec odio justo, sollicitudin ut, suscipit a, feugiat et, eros. Vestibulum ac est lacinia nisi venenatis tristique. Fusce congue, diam id ornare imperdiet, sapien urna pretium nisl, ut volutpat sapien arcu sed augue. Aliquam erat volutpat. In congue. Etiam justo. Etiam pretium iaculis justo.'),
 (962,470,'Sed accumsan felis.'),
 (963,358,'Nunc rhoncus dui vel sem. Sed sagittis. Nam congue, risus semper porta volutpat, quam pede lobortis ligula, sit amet eleifend pede libero quis orci.'),
 (964,314,'Maecenas leo odio, condimentum id, luctus nec, molestie sed, justo. Pellentesque viverra pede ac diam. Cras pellentesque volutpat dui. Maecenas tristique, est et tempus semper, est quam pharetra magna, ac consequat metus sapien ut nunc. Vestibulum ante ipsum primis in faucibus orci luctus et ultrices posuere cubilia Curae; Mauris viverra diam vitae quam. Suspendisse potenti. Nullam porttitor lacus at turpis. Donec posuere metus vitae ipsum. Aliquam non mauris.'),
 (965,197,'Fusce consequat. Nulla nisl. Nunc nisl.'),
 (966,499,'Vivamus vel nulla eget eros elementum pellentesque. Quisque porta volutpat erat.'),
 (967,474,'Mauris enim leo, rhoncus sed, vestibulum sit amet, cursus id, turpis. Integer aliquet, massa id lobortis convallis, tortor risus dapibus augue, vel accumsan tellus nisi eu orci.'),
 (968,473,'Duis consequat dui nec nisi volutpat eleifend. Donec ut dolor.'),
 (969,189,'Cras mi pede, malesuada in, imperdiet et, commodo vulputate, justo. In blandit ultrices enim. Lorem ipsum dolor sit amet, consectetuer adipiscing elit. Proin interdum mauris non ligula pellentesque ultrices.'),
 (970,426,'Maecenas ut massa quis augue luctus tincidunt. Nulla mollis molestie lorem. Quisque ut erat. Curabitur gravida nisi at nibh. In hac habitasse platea dictumst. Aliquam augue quam, sollicitudin vitae, consectetuer eget, rutrum at, lorem. Integer tincidunt ante vel ipsum.'),
 (971,443,'Donec vitae nisi. Nam ultrices, libero non mattis pulvinar, nulla pede ullamcorper augue, a suscipit nulla elit ac nulla. Sed vel enim sit amet nunc viverra dapibus. Nulla suscipit ligula in lacus. Curabitur at ipsum ac tellus semper interdum. Mauris ullamcorper purus sit amet nulla. Quisque arcu libero, rutrum ac, lobortis vel, dapibus at, diam.'),
 (972,123,'Proin interdum mauris non ligula pellentesque ultrices. Phasellus id sapien in sapien iaculis congue. Vivamus metus arcu, adipiscing molestie, hendrerit at, vulputate vitae, nisl. Aenean lectus.'),
 (973,225,'Morbi ut odio. Cras mi pede, malesuada in, imperdiet et, commodo vulputate, justo. In blandit ultrices enim. Lorem ipsum dolor sit amet, consectetuer adipiscing elit. Proin interdum mauris non ligula pellentesque ultrices.'),
 (974,280,'Morbi non quam nec dui luctus rutrum. Nulla tellus. In sagittis dui vel nisl. Duis ac nibh. Fusce lacus purus, aliquet at, feugiat non, pretium quis, lectus. Suspendisse potenti. In eleifend quam a odio. In hac habitasse platea dictumst. Maecenas ut massa quis augue luctus tincidunt.'),
 (975,433,'Morbi vel lectus in quam fringilla rhoncus.'),
 (976,325,'Phasellus sit amet erat. Nulla tempus.'),
 (977,342,'Cum sociis natoque penatibus et magnis dis parturient montes, nascetur ridiculus mus. Vivamus vestibulum sagittis sapien. Cum sociis natoque penatibus et magnis dis parturient montes, nascetur ridiculus mus.'),
 (978,31,'Fusce lacus purus, aliquet at, feugiat non, pretium quis, lectus. Suspendisse potenti. In eleifend quam a odio. In hac habitasse platea dictumst. Maecenas ut massa quis augue luctus tincidunt. Nulla mollis molestie lorem. Quisque ut erat. Curabitur gravida nisi at nibh. In hac habitasse platea dictumst. Aliquam augue quam, sollicitudin vitae, consectetuer eget, rutrum at, lorem.'),
 (979,108,'Morbi sem mauris, laoreet ut, rhoncus aliquet, pulvinar sed, nisl. Nunc rhoncus dui vel sem. Sed sagittis. Nam congue, risus semper porta volutpat, quam pede lobortis ligula, sit amet eleifend pede libero quis orci. Nullam molestie nibh in lectus. Pellentesque at nulla. Suspendisse potenti. Cras in purus eu magna vulputate luctus. Cum sociis natoque penatibus et magnis dis parturient montes, nascetur ridiculus mus.'),
 (980,328,'Nulla facilisi. Cras non velit nec nisi vulputate nonummy. Maecenas tincidunt lacus at velit.'),
 (981,479,'Integer ac neque. Duis bibendum. Morbi non quam nec dui luctus rutrum. Nulla tellus. In sagittis dui vel nisl. Duis ac nibh.'),
 (982,92,'In congue. Etiam justo. Etiam pretium iaculis justo. In hac habitasse platea dictumst. Etiam faucibus cursus urna. Ut tellus. Nulla ut erat id mauris vulputate elementum. Nullam varius.'),
 (983,15,'Nullam orci pede, venenatis non, sodales sed, tincidunt eu, felis. Fusce posuere felis sed lacus. Morbi sem mauris, laoreet ut, rhoncus aliquet, pulvinar sed, nisl.'),
 (984,81,'Nulla mollis molestie lorem. Quisque ut erat. Curabitur gravida nisi at nibh. In hac habitasse platea dictumst. Aliquam augue quam, sollicitudin vitae, consectetuer eget, rutrum at, lorem.'),
 (985,303,'Maecenas ut massa quis augue luctus tincidunt. Nulla mollis molestie lorem. Quisque ut erat. Curabitur gravida nisi at nibh. In hac habitasse platea dictumst. Aliquam augue quam, sollicitudin vitae, consectetuer eget, rutrum at, lorem. Integer tincidunt ante vel ipsum. Praesent blandit lacinia erat. Vestibulum sed magna at nunc commodo placerat.'),
 (986,42,'Suspendisse accumsan tortor quis turpis. Sed ante. Vivamus tortor. Duis mattis egestas metus. Aenean fermentum. Donec ut mauris eget massa tempor convallis.'),
 (987,33,'Aenean lectus. Pellentesque eget nunc. Donec quis orci eget orci vehicula condimentum. Curabitur in libero ut massa volutpat convallis. Morbi odio odio, elementum eu, interdum eu, tincidunt in, leo. Maecenas pulvinar lobortis est. Phasellus sit amet erat. Nulla tempus. Vivamus in felis eu sapien cursus vestibulum.'),
 (988,75,'Sed accumsan felis. Ut at dolor quis odio consequat varius. Integer ac leo. Pellentesque ultrices mattis odio. Donec vitae nisi. Nam ultrices, libero non mattis pulvinar, nulla pede ullamcorper augue, a suscipit nulla elit ac nulla. Sed vel enim sit amet nunc viverra dapibus. Nulla suscipit ligula in lacus. Curabitur at ipsum ac tellus semper interdum. Mauris ullamcorper purus sit amet nulla.'),
 (989,357,'In quis justo. Maecenas rhoncus aliquam lacus. Morbi quis tortor id nulla ultrices aliquet. Maecenas leo odio, condimentum id, luctus nec, molestie sed, justo. Pellentesque viverra pede ac diam.'),
 (990,313,'Morbi vel lectus in quam fringilla rhoncus. Mauris enim leo, rhoncus sed, vestibulum sit amet, cursus id, turpis. Integer aliquet, massa id lobortis convallis, tortor risus dapibus augue, vel accumsan tellus nisi eu orci. Mauris lacinia sapien quis libero. Nullam sit amet turpis elementum ligula vehicula consequat. Morbi a ipsum. Integer a nibh.'),
 (991,468,'Integer aliquet, massa id lobortis convallis, tortor risus dapibus augue, vel accumsan tellus nisi eu orci. Mauris lacinia sapien quis libero. Nullam sit amet turpis elementum ligula vehicula consequat. Morbi a ipsum. Integer a nibh. In quis justo. Maecenas rhoncus aliquam lacus. Morbi quis tortor id nulla ultrices aliquet. Maecenas leo odio, condimentum id, luctus nec, molestie sed, justo. Pellentesque viverra pede ac diam.'),
 (992,142,'Aliquam quis turpis eget elit sodales scelerisque. Mauris sit amet eros. Suspendisse accumsan tortor quis turpis. Sed ante. Vivamus tortor. Duis mattis egestas metus.'),
 (993,312,'Vestibulum ante ipsum primis in faucibus orci luctus et ultrices posuere cubilia Curae; Mauris viverra diam vitae quam. Suspendisse potenti. Nullam porttitor lacus at turpis. Donec posuere metus vitae ipsum. Aliquam non mauris. Morbi non lectus.'),
 (994,450,'Nam congue, risus semper porta volutpat, quam pede lobortis ligula, sit amet eleifend pede libero quis orci. Nullam molestie nibh in lectus. Pellentesque at nulla. Suspendisse potenti. Cras in purus eu magna vulputate luctus.'),
 (995,180,'Suspendisse ornare consequat lectus. In est risus, auctor sed, tristique in, tempus sit amet, sem. Fusce consequat. Nulla nisl. Nunc nisl. Duis bibendum, felis sed interdum venenatis, turpis enim blandit mi, in porttitor pede justo eu massa. Donec dapibus.'),
 (996,393,'Phasellus id sapien in sapien iaculis congue. Vivamus metus arcu, adipiscing molestie, hendrerit at, vulputate vitae, nisl. Aenean lectus. Pellentesque eget nunc. Donec quis orci eget orci vehicula condimentum. Curabitur in libero ut massa volutpat convallis.'),
 (997,351,'Vivamus in felis eu sapien cursus vestibulum. Proin eu mi. Nulla ac enim. In tempor, turpis nec euismod scelerisque, quam turpis adipiscing lorem, vitae mattis nibh ligula nec sem. Duis aliquam convallis nunc. Proin at turpis a pede posuere nonummy. Integer non velit.'),
 (998,305,'Integer a nibh. In quis justo. Maecenas rhoncus aliquam lacus. Morbi quis tortor id nulla ultrices aliquet. Maecenas leo odio, condimentum id, luctus nec, molestie sed, justo. Pellentesque viverra pede ac diam. Cras pellentesque volutpat dui.'),
 (999,138,'Nunc purus. Phasellus in felis. Donec semper sapien a libero. Nam dui. Proin leo odio, porttitor id, consequat in, consequat ut, nulla. Sed accumsan felis. Ut at dolor quis odio consequat varius. Integer ac leo. Pellentesque ultrices mattis odio. Donec vitae nisi.'),
 (1000,275,'Nullam orci pede, venenatis non, sodales sed, tincidunt eu, felis. Fusce posuere felis sed lacus. Morbi sem mauris, laoreet ut, rhoncus aliquet, pulvinar sed, nisl. Nunc rhoncus dui vel sem. Sed sagittis. Nam congue, risus semper porta volutpat, quam pede lobortis ligula, sit amet eleifend pede libero quis orci. Nullam molestie nibh in lectus. Pellentesque at nulla. Suspendisse potenti.'),
 (1003,503,NULL),
 (1004,504,'Comfortable'),
 (1005,504,'Great host');
INSERT INTO "Hosts" ("hostid","name","email","phone") VALUES (2,'Imelda Garvey','igarvey1@rakuten.co.jp','501-760-8225'),
 (3,'Creight Lamperde','clamperd2@shutterfly.com','518-467-1645'),
 (5,'Bernhard Poulsom','bpoulsom4@narod.ru','571-278-5079'),
 (6,'Ora Kix','okix5@dot.gov','168-333-0743'),
 (7,'Margaretta Coppins','mcoppins6@topsy.com','324-423-6989'),
 (8,'Annissa Edgley','aedgley7@netlog.com','827-368-1984'),
 (9,'Jaime Roch','jroch8@cornell.edu','198-327-5819'),
 (10,'Boote Norrington','bnorrington9@phoca.cz','975-236-2036'),
 (11,'Lenette Saylor','lsaylora@bbc.co.uk','560-942-1073'),
 (12,'Baxy Braffington','bbraffingtonb@google.it','140-487-3793'),
 (13,'Simonette Lorrimer','slorrimerc@etsy.com','342-267-2681'),
 (14,'Erinn Halfacree','ehalfacreed@etsy.com','288-334-3806'),
 (15,'Roanna Smitherham','rsmitherhame@nature.com','533-955-0245'),
 (16,'Tally Whyard','twhyardf@shinystat.com','596-716-5647'),
 (17,'Cristionna Callender','ccallenderg@cdc.gov','981-197-4938'),
 (18,'Lexy Toal','ltoalh@gravatar.com','974-632-6531'),
 (19,'Lazare Guymer','lguymeri@irs.gov','533-178-4003'),
 (20,'Julienne Benini','jbeninij@hexun.com','974-212-4628'),
 (21,'Pietrek Sweatland','psweatlandk@pinterest.com','724-492-7219'),
 (22,'Malory Crookston','mcrookstonl@opera.com','885-707-4821'),
 (23,'Garold Ianilli','gianillim@sina.com.cn','571-562-0756'),
 (24,'Laurianne D''Ugo','ldugon@issuu.com','728-319-4776'),
 (25,'Diandra Balint','dbalinto@usatoday.com','746-771-0168'),
 (26,'Aleece Regardsoe','aregardsoep@tmall.com','807-367-3322'),
 (27,'Raleigh Dotson','rdotsonq@oracle.com','990-245-8245'),
 (28,'Cristabel Karpov','ckarpovr@cocolog-nifty.com','806-821-9462'),
 (29,'Nonah Sasser','nsassers@slashdot.org','381-596-6068'),
 (30,'Hieronymus Renol','hrenolt@privacy.gov.au','854-872-1024'),
 (31,'Brenna Veighey','bveigheyu@ucoz.ru','775-615-8424'),
 (32,'Gerri Gilbee','ggilbeev@ed.gov','446-994-4021'),
 (33,'Melonie Errigo','merrigow@dot.gov','550-410-7370'),
 (34,'Norbert Cardall','ncardallx@geocities.jp','150-981-0083'),
 (35,'Bertha Dahmke','bdahmkey@skype.com','892-963-8063'),
 (36,'Ardys Schimaschke','aschimaschkez@msu.edu','644-233-1693'),
 (37,'Rourke Joderli','rjoderli10@jigsy.com','760-987-3869'),
 (38,'Meris Denecamp','mdenecamp11@exblog.jp','987-894-2928'),
 (39,'Reagen Sager','rsager12@wiley.com','855-170-3000'),
 (40,'Tabitha Messer','tmesser13@ameblo.jp','873-582-5170'),
 (41,'Lyon Lindemann','llindemann14@wufoo.com','941-102-5563'),
 (42,'Saundra Woodage','swoodage15@oakley.com','822-943-0929'),
 (43,'Brendan Mangenet','bmangenet16@springer.com','992-958-2087'),
 (44,'Nessi Dellenbrook','ndellenbrook17@amazonaws.com','267-661-3847'),
 (45,'Eddie Caldera','ecaldera18@netscape.com','582-876-4953'),
 (46,'Kari Birchenhead','kbirchenhead19@hud.gov','646-857-6968'),
 (47,'Karon McIlvaney','kmcilvaney1a@businesswire.com','945-840-5298'),
 (48,'Eldredge Gunstone','egunstone1b@toplist.cz','796-684-4219'),
 (49,'Trescha Armstrong','tarmstrong1c@fotki.com','460-803-2105'),
 (50,'Fran Nyland','fnyland1d@chronoengine.com','349-378-4936'),
 (51,'Klara Nalder','knalder1e@webeden.co.uk','385-837-8493'),
 (52,'Lonna Duncanson','lduncanson1f@google.com.au','683-581-7160'),
 (53,'Basilio MacCrackan','bmaccrackan1g@imageshack.us','554-729-2079'),
 (54,'Melisse Overpool','moverpool1h@bigcartel.com','996-912-6362'),
 (55,'Vasilis Worlock','vworlock1i@admin.ch','396-337-0261'),
 (56,'Theresita Acory','tacory1j@alexa.com','636-176-7262'),
 (57,'Skyler Suttell','ssuttell1k@cbc.ca','583-732-4384'),
 (58,'Francene Berrill','fberrill1l@hc360.com','751-911-8330'),
 (59,'Zollie Etheredge','zetheredge1m@g.co','843-355-6627'),
 (60,'Maud Deelay','mdeelay1n@opera.com','900-724-7872'),
 (61,'Mela Goude','mgoude1o@ning.com','347-640-4728'),
 (62,'Lilla Skittles','lskittles1p@uiuc.edu','936-314-5778'),
 (63,'Bobbi Punchard','bpunchard1q@webmd.com','787-514-2089'),
 (64,'Olin Arendsen','oarendsen1r@surveymonkey.com','646-393-1157'),
 (65,'Conney Beyer','cbeyer1s@abc.net.au','217-505-5760'),
 (66,'Kermy Mayling','kmayling1t@sciencedirect.com','840-517-2596'),
 (67,'Rudd Alchin','ralchin1u@thetimes.co.uk','121-248-8378'),
 (68,'Phaedra Gunbie','pgunbie1v@imageshack.us','629-516-2609'),
 (69,'Elsworth Landrieu','elandrieu1w@fc2.com','278-301-7751'),
 (70,'Mathilde Klimsch','mklimsch1x@webeden.co.uk','824-260-8583'),
 (71,'Mayne Bottleson','mbottleson1y@livejournal.com','318-844-1075'),
 (72,'Ellwood Litton','elitton1z@weibo.com','498-467-1933'),
 (73,'Lennie Lodin','llodin20@army.mil','634-427-1985'),
 (74,'Xever Matthieson','xmatthieson21@nymag.com','159-870-1705'),
 (75,'Becky Stirling','bstirling22@163.com','261-207-1316'),
 (76,'Timmy Rayburn','trayburn23@squidoo.com','705-534-8784'),
 (77,'Philly Ewence','pewence24@reverbnation.com','356-175-8254'),
 (78,'Melantha Worsam','mworsam25@biglobe.ne.jp','689-874-7378'),
 (79,'Noell Hutchence','nhutchence26@friendfeed.com','923-348-8545'),
 (80,'Griz Redley','gredley27@google.pl','759-230-2596'),
 (81,'Lise Stanning','lstanning28@umn.edu','696-712-1706'),
 (82,'Erroll Foxworthy','efoxworthy29@wisc.edu','707-412-0926'),
 (83,'Peirce Firth','pfirth2a@ed.gov','503-602-1734'),
 (84,'Harmonie Brandsen','hbrandsen2b@skyrock.com','996-260-5683'),
 (85,'Aleta Pinkstone','apinkstone2c@myspace.com','517-332-9332'),
 (86,'Dennet MacCartan','dmaccartan2d@usatoday.com','305-300-4105'),
 (87,'Shayne Placstone','splacstone2e@paypal.com','614-334-1675'),
 (88,'Dag Noen','dnoen2f@smh.com.au','776-540-9739'),
 (89,'Lev Rapson','lrapson2g@prweb.com','468-689-1833'),
 (90,'Ernest Thexton','ethexton2h@istockphoto.com','734-314-1679'),
 (91,'Flory Road','froad2i@wp.com','516-424-9952'),
 (92,'Morty Murton','mmurton2j@gnu.org','307-776-7662'),
 (93,'Lavinie Atherley','latherley2k@google.co.uk','996-464-4768'),
 (94,'Rowan Myles','rmyles2l@cnn.com','441-372-9191'),
 (95,'Bryan Hiddy','bhiddy2m@diigo.com','352-848-9987'),
 (96,'Gerda Foley','gfoley2n@ft.com','632-475-4991'),
 (97,'Shirline Colerick','scolerick2o@nasa.gov','187-943-4926'),
 (98,'Roxana Routham','rroutham2p@simplemachines.org','612-238-4935'),
 (99,'Robbie Broadwell','rbroadwell2q@51.la','406-725-4412'),
 (100,'Megen Simson','msimson2r@ask.com','669-716-8152'),
 (101,'Welbie Szymczyk','wszymczyk2s@huffingtonpost.com','300-134-1746'),
 (102,'Cristal Pocknell','cpocknell2t@earthlink.net','609-739-4880'),
 (103,'Kirk Havik','khavik2u@twitpic.com','931-792-8514'),
 (104,'Delmar Willbraham','dwillbraham2v@google.cn','720-664-2794'),
 (105,'Currie Brayford','cbrayford2w@thetimes.co.uk','993-884-5083'),
 (106,'Gaylene Gaukrodge','ggaukrodge2x@deliciousdays.com','878-809-6914'),
 (107,'Vivien Priel','vpriel2y@psu.edu','746-176-0835'),
 (108,'Nicol Tomaszynski','ntomaszynski2z@linkedin.com','828-130-9730'),
 (109,'Gae Goldster','ggoldster30@wiley.com','678-788-8519'),
 (110,'Rickey Leas','rleas31@dell.com','389-921-5631'),
 (111,'Kris Vreede','kvreede32@nasa.gov','379-608-7273'),
 (112,'Friederike Simunek','fsimunek33@ebay.co.uk','422-944-2189'),
 (113,'Giff Georgius','ggeorgius34@youtu.be','436-824-3737'),
 (114,'Axe Gilberthorpe','agilberthorpe35@addtoany.com','636-170-2158'),
 (115,'Brigitta Geoghegan','bgeoghegan36@wired.com','264-888-1109'),
 (116,'Tarrah Wind','twind37@pbs.org','863-729-7190'),
 (117,'Zacharias Cossom','zcossom38@nytimes.com','116-991-4041'),
 (118,'Dexter Jennrich','djennrich39@people.com.cn','998-675-4943'),
 (119,'Harmonie Bichard','hbichard3a@phoca.cz','104-693-9280'),
 (120,'Christye Pryce','cpryce3b@nyu.edu','918-388-4906'),
 (121,'Ali Quarton','aquarton3c@statcounter.com','339-695-0078'),
 (122,'Korey MacLaig','kmaclaig3d@surveymonkey.com','296-324-4714'),
 (123,'Cheryl Beamond','cbeamond3e@statcounter.com','979-312-1287'),
 (124,'Wyn Muat','wmuat3f@toplist.cz','436-302-1618'),
 (125,'Humfrid Colecrough','hcolecrough3g@sakura.ne.jp','263-865-5202'),
 (126,'Celestyn Barkus','cbarkus3h@weebly.com','548-358-4621'),
 (127,'Luciana Aberdein','laberdein3i@youku.com','824-850-9415'),
 (128,'Wylma Geockle','wgeockle3j@macromedia.com','954-481-5286'),
 (129,'Sutherlan Edinboro','sedinboro3k@unicef.org','739-631-7615'),
 (130,'Henderson Szachniewicz','hszachniewicz3l@instagram.com','619-496-0420'),
 (131,'Auguste Burtenshaw','aburtenshaw3m@thetimes.co.uk','949-428-8040'),
 (132,'Gerhardine Linnard','glinnard3n@ustream.tv','653-386-7703'),
 (133,'Ileana Christin','ichristin3o@tripod.com','401-738-9498'),
 (134,'Marsh Dubock','mdubock3p@miitbeian.gov.cn','451-536-9721'),
 (135,'Philippa Cathenod','pcathenod3q@oaic.gov.au','606-548-0106'),
 (136,'Amandy Gainsford','againsford3r@privacy.gov.au','970-670-1235'),
 (137,'Charlotte Boissier','cboissier3s@gizmodo.com','402-929-5745'),
 (138,'Mildrid Gobell','mgobell3t@mail.ru','545-301-9372'),
 (139,'Devin Diss','ddiss3u@squarespace.com','825-397-2096'),
 (140,'Finn Romer','fromer3v@joomla.org','816-151-0754'),
 (141,'Barnie Henaughan','bhenaughan3w@feedburner.com','423-883-1592'),
 (142,'Else Pilger','epilger3x@skype.com','270-919-5324'),
 (143,'Sara-ann Elintune','selintune3y@nhs.uk','227-173-3394'),
 (144,'Hannie Biasioli','hbiasioli3z@nyu.edu','155-806-3903'),
 (145,'Lonnard Tickel','ltickel40@moonfruit.com','650-928-6400'),
 (146,'Yolane Mattia','ymattia41@ftc.gov','618-665-4322'),
 (147,'Elisabetta Chark','echark42@acquirethisname.com','970-903-3838'),
 (148,'Rochella Gregore','rgregore43@oracle.com','700-324-2470'),
 (149,'Emmott McAndrew','emcandrew44@sbwire.com','879-137-7039'),
 (150,'Donnie Bruhnsen','dbruhnsen45@phpbb.com','931-885-0147'),
 (151,'Krystalle Spatig','kspatig46@oaic.gov.au','251-155-5890'),
 (152,'Brier Goslin','bgoslin47@rakuten.co.jp','517-836-8033'),
 (153,'Maddi Guidini','mguidini48@adobe.com','101-547-2301'),
 (154,'Mohandis Voice','mvoice49@slideshare.net','943-341-5230'),
 (155,'Port Pottle','ppottle4a@aboutads.info','286-431-5891'),
 (156,'Codi Fealty','cfealty4b@vistaprint.com','851-241-9031'),
 (157,'Reeba Drinan','rdrinan4c@linkedin.com','412-831-6441'),
 (158,'Marieann Doughartie','mdoughartie4d@exblog.jp','278-430-1503'),
 (159,'Natalina Freebury','nfreebury4e@apache.org','633-325-2625'),
 (160,'Leroi Loud','lloud4f@hhs.gov','426-604-2997'),
 (161,'Doug Skipping','dskipping4g@dell.com','353-540-5830'),
 (162,'Slade Nutter','snutter4h@so-net.ne.jp','833-961-4731'),
 (163,'Shayne Castenda','scastenda4i@usgs.gov','525-844-0367'),
 (164,'Almira Shadfourth','ashadfourth4j@chronoengine.com','690-794-2436'),
 (165,'Serene Bernardin','sbernardin4k@google.es','679-823-5151'),
 (166,'Hugo Lethardy','hlethardy4l@dell.com','717-537-5807'),
 (167,'Giffard Espadate','gespadate4m@accuweather.com','388-508-2433'),
 (168,'Ransell Nourse','rnourse4n@storify.com','977-368-1651'),
 (169,'Cacilia Jakovijevic','cjakovijevic4o@geocities.jp','824-805-6621'),
 (170,'Elvis Dignum','edignum4p@csmonitor.com','919-744-6176'),
 (171,'Georgena Edens','gedens4q@google.de','791-655-2060'),
 (172,'Adena Orbell','aorbell4r@shop-pro.jp','686-238-4461'),
 (173,'Ilse Lichfield','ilichfield4s@reference.com','597-719-6783'),
 (174,'Goddard Lis','glis4t@jalbum.net','148-361-0722'),
 (175,'Anny Clingoe','aclingoe4u@ebay.com','800-406-4133'),
 (176,'Kippy Drage','kdrage4v@g.co','371-270-1435'),
 (177,'Darya Rayman','drayman4w@is.gd','591-391-8743'),
 (178,'Jeffie Sepey','jsepey4x@posterous.com','144-690-3936'),
 (179,'Brigham Rosenfarb','brosenfarb4y@ted.com','374-377-0065'),
 (180,'Celeste Furzer','cfurzer4z@skyrock.com','462-581-3949'),
 (181,'Beitris Holdforth','bholdforth50@discovery.com','152-777-2711'),
 (182,'Elle Caret','ecaret51@delicious.com','281-193-4787'),
 (183,'Pincas Petraitis','ppetraitis52@ning.com','728-123-8911'),
 (184,'Ruddie Alten','ralten53@prnewswire.com','908-918-9056'),
 (185,'Cayla Simco','csimco54@house.gov','908-439-2383'),
 (186,'Paulina Wooff','pwooff55@eepurl.com','578-863-0267'),
 (187,'Marga Chavrin','mchavrin56@prweb.com','515-934-5002'),
 (188,'Umberto Mayworth','umayworth57@answers.com','958-844-9936'),
 (189,'Jacquenetta Troppmann','jtroppmann58@pcworld.com','681-607-2805'),
 (190,'Amory MacGraith','amacgraith59@unesco.org','341-187-7095'),
 (191,'Paule Nairne','pnairne5a@weebly.com','264-212-7254'),
 (192,'Tabby Tarbin','ttarbin5b@apache.org','101-646-7176'),
 (193,'Muffin Adamkiewicz','madamkiewicz5c@state.tx.us','193-441-6520'),
 (194,'Barbara Phizacklea','bphizacklea5d@pcworld.com','589-371-3517'),
 (195,'Khalil Guiver','kguiver5e@furl.net','118-967-6695'),
 (196,'Noelle Pittson','npittson5f@newsvine.com','305-940-8420'),
 (197,'Michelle Huxter','mhuxter5g@cdbaby.com','649-955-2043'),
 (198,'Helsa Stansbury','hstansbury5h@apache.org','525-393-6259'),
 (199,'Tiler Basson','tbasson5i@4shared.com','171-989-7608'),
 (201,'Ying','lalala@husky.edu','855-336-3006'),
 (203,'Anthia Kuhnella','lalal@husky.edu',NULL),
 (219,'test','test',NULL),
 (220,'Tuo','lalal@husky.edu',NULL),
 (237,'Tuolast','lalal@husky.edu',NULL),
 (240,'Ying Tuo,','y@northeastern.edu,',NULL);
INSERT INTO "HostInfo" ("infoid","hostid","responseRate","startFrom") VALUES (2,2,0.7,'3/9/18 09:44'),
 (3,3,0.1,'8/27/12 10:23'),
 (5,5,0.1,'8/26/13 05:16'),
 (6,6,0.5,'8/9/18 15:07'),
 (7,7,0.2,'11/22/11 21:32'),
 (8,8,0.6,'7/11/12 07:26'),
 (9,9,0.4,'12/15/12 17:29'),
 (10,10,0.1,'1/19/20 21:26'),
 (11,11,0.2,'8/19/13 14:47'),
 (12,12,0.5,'2/10/16 22:22'),
 (13,13,0.4,'3/20/11 11:29'),
 (14,14,0.8,'4/6/15 09:57'),
 (15,15,0.1,'9/28/20 14:13'),
 (16,16,0.3,'6/11/13 00:28'),
 (17,17,0.9,'8/25/14 23:28'),
 (18,18,0.2,'8/2/14 05:03'),
 (19,19,0.7,'9/19/14 21:45'),
 (20,20,0.7,'1/15/18 15:59'),
 (21,21,0.1,'5/15/12 17:45'),
 (22,22,0.3,'3/14/16 07:49'),
 (23,23,1.0,'2/12/16 17:39'),
 (24,24,1.0,'11/15/14 11:59'),
 (25,25,0.0,'8/23/19 01:14'),
 (26,26,0.7,'9/2/14 02:01'),
 (27,27,0.5,'9/13/16 12:53'),
 (28,28,0.4,'8/22/18 22:13'),
 (29,29,0.4,'2/28/15 20:44'),
 (30,30,0.5,'1/15/20 02:53'),
 (31,31,0.7,'6/21/18 02:07'),
 (32,32,0.6,'4/25/17 09:33'),
 (33,33,0.7,'6/26/12 10:26'),
 (34,34,0.4,'4/30/17 12:05'),
 (35,35,0.1,'12/29/18 08:09'),
 (36,36,0.2,'10/22/18 14:42'),
 (37,37,0.0,'3/27/13 23:02'),
 (38,38,0.6,'4/27/16 20:42'),
 (39,39,0.5,'3/19/12 00:49'),
 (40,40,0.3,'3/9/11 23:05'),
 (41,41,0.2,'7/1/16 02:31'),
 (42,42,0.8,'9/16/17 15:51'),
 (43,43,0.1,'5/5/17 12:32'),
 (44,44,0.3,'10/23/13 06:47'),
 (45,45,0.3,'8/21/14 21:14'),
 (46,46,0.8,'1/26/11 15:53'),
 (47,47,0.1,'5/15/20 00:06'),
 (48,48,0.7,'3/29/13 12:48'),
 (49,49,0.2,'1/4/16 10:00'),
 (50,50,0.3,'12/18/19 14:13'),
 (51,51,0.7,'3/10/13 18:01'),
 (52,52,0.2,'9/30/11 14:59'),
 (53,53,0.8,'4/27/18 04:27'),
 (54,54,0.8,'12/24/14 22:46'),
 (55,55,0.7,'10/5/20 20:23'),
 (56,56,1.0,'8/23/17 18:53'),
 (57,57,0.8,'3/16/18 07:47'),
 (58,58,0.1,'11/22/14 15:24'),
 (59,59,1.0,'10/4/13 12:54'),
 (60,60,0.6,'10/31/10 13:06'),
 (61,61,0.1,'4/24/11 18:36'),
 (62,62,0.9,'4/30/15 11:56'),
 (63,63,0.6,'8/24/18 17:59'),
 (64,64,0.8,'9/4/15 10:36'),
 (65,65,0.5,'1/22/19 00:20'),
 (66,66,0.2,'5/28/16 12:22'),
 (67,67,0.7,'7/11/16 12:01'),
 (68,68,0.6,'9/3/15 15:44'),
 (69,69,0.8,'5/25/15 02:01'),
 (70,70,0.0,'6/22/19 10:20'),
 (71,71,0.5,'5/13/13 22:18'),
 (72,72,0.9,'3/26/13 06:20'),
 (73,73,0.6,'5/23/18 18:48'),
 (74,74,0.5,'12/22/18 04:29'),
 (75,75,0.7,'1/19/16 11:55'),
 (76,76,0.9,'6/19/20 01:56'),
 (77,77,0.4,'1/31/16 18:43'),
 (78,78,0.3,'9/3/19 13:56'),
 (79,79,0.6,'4/7/13 21:54'),
 (80,80,0.2,'5/13/19 12:26'),
 (81,81,0.0,'8/24/19 14:39'),
 (82,82,0.3,'2/8/14 00:03'),
 (83,83,0.4,'12/31/17 17:49'),
 (84,84,0.7,'8/4/20 08:16'),
 (85,85,0.1,'3/11/13 10:18'),
 (86,86,0.1,'7/8/20 16:46'),
 (87,87,0.7,'8/10/16 03:50'),
 (88,88,0.5,'6/24/14 22:38'),
 (89,89,0.5,'4/25/15 11:24'),
 (90,90,0.2,'12/16/17 23:35'),
 (91,91,0.2,'7/24/12 04:22'),
 (92,92,0.6,'9/10/18 00:04'),
 (93,93,0.9,'10/1/20 16:42'),
 (94,94,0.8,'10/21/14 08:45'),
 (95,95,0.6,'5/8/18 21:34'),
 (96,96,0.2,'1/17/12 18:04'),
 (97,97,0.4,'3/15/19 06:48'),
 (98,98,0.2,'6/23/20 23:40'),
 (99,99,1.0,'5/6/16 01:18'),
 (100,100,0.1,'2/10/20 18:00'),
 (101,101,0.5,'6/13/14 10:53'),
 (102,102,0.1,'10/24/20 17:16'),
 (103,103,0.4,'1/3/12 02:25'),
 (104,104,0.9,'5/13/19 04:19'),
 (105,105,0.6,'10/14/11 11:01'),
 (106,106,0.7,'1/22/15 05:33'),
 (107,107,0.2,'6/7/16 04:36'),
 (108,108,0.6,'4/13/12 13:38'),
 (109,109,0.1,'10/7/19 08:56'),
 (110,110,0.1,'8/1/20 15:34'),
 (111,111,0.4,'9/21/14 01:44'),
 (112,112,0.4,'9/13/12 12:10'),
 (113,113,0.8,'10/29/14 23:42'),
 (114,114,0.3,'12/27/16 07:33'),
 (115,115,0.0,'7/6/17 11:23'),
 (116,116,0.8,'11/18/12 02:17'),
 (117,117,0.1,'7/31/19 10:18'),
 (118,118,0.0,'6/11/15 18:25'),
 (119,119,0.3,'1/4/16 10:46'),
 (120,120,1.0,'10/2/12 23:25'),
 (121,121,0.9,'1/11/17 14:46'),
 (122,122,0.5,'11/6/14 14:36'),
 (123,123,0.5,'11/3/19 09:28'),
 (124,124,0.6,'3/7/19 18:21'),
 (125,125,0.0,'4/1/13 05:32'),
 (126,126,0.0,'12/3/12 10:11'),
 (127,127,0.0,'4/21/17 18:33'),
 (128,128,0.7,'11/22/17 01:09'),
 (129,129,0.9,'1/26/20 11:37'),
 (130,130,0.3,'3/27/17 20:10'),
 (131,131,0.8,'5/9/20 09:28'),
 (132,132,0.6,'10/10/17 04:41'),
 (133,133,0.0,'12/12/15 12:00'),
 (134,134,0.2,'2/26/19 12:18'),
 (135,135,0.2,'12/22/15 01:44'),
 (136,136,0.7,'6/1/15 11:04'),
 (137,137,0.2,'9/26/14 10:34'),
 (138,138,0.0,'3/1/16 08:46'),
 (139,139,0.6,'1/11/15 00:01'),
 (140,140,0.4,'11/9/19 04:33'),
 (141,141,0.2,'7/13/11 15:52'),
 (142,142,0.9,'9/9/11 13:10'),
 (143,143,0.8,'4/18/17 02:12'),
 (144,144,1.0,'12/7/11 05:16'),
 (145,145,0.7,'9/11/13 18:02'),
 (146,146,0.2,'9/25/20 16:33'),
 (147,147,0.8,'8/10/18 20:45'),
 (148,148,0.6,'7/25/19 03:32'),
 (149,149,0.1,'4/19/12 06:53'),
 (150,150,0.1,'1/12/20 10:32'),
 (151,151,0.5,'3/26/19 04:38'),
 (152,152,0.7,'12/14/15 12:08'),
 (153,153,0.6,'1/28/11 16:01'),
 (154,154,0.5,'10/10/18 15:44'),
 (155,155,0.2,'4/14/15 21:22'),
 (156,156,0.4,'5/24/13 00:32'),
 (157,157,0.4,'10/28/14 16:22'),
 (158,158,0.5,'5/15/13 11:35'),
 (159,159,0.2,'6/13/17 20:08'),
 (160,160,0.3,'6/17/15 00:46'),
 (161,161,0.2,'8/24/16 17:12'),
 (162,162,0.5,'8/18/13 23:01'),
 (163,163,0.4,'7/13/17 15:11'),
 (164,164,0.8,'7/7/19 07:00'),
 (165,165,0.4,'11/7/16 01:25'),
 (166,166,0.5,'3/16/13 17:05'),
 (167,167,0.3,'4/14/14 21:44'),
 (168,168,0.0,'5/26/12 16:14'),
 (169,169,0.9,'6/5/13 09:24'),
 (170,170,0.6,'1/11/20 11:59'),
 (171,171,0.2,'11/30/19 22:02'),
 (172,172,0.6,'2/22/14 12:26'),
 (173,173,0.5,'4/23/17 00:40'),
 (174,174,0.7,'3/13/12 18:11'),
 (175,175,0.9,'10/23/12 02:17'),
 (176,176,0.7,'10/24/14 18:28'),
 (177,177,0.7,'7/13/16 06:33'),
 (178,178,0.9,'4/29/17 07:02'),
 (179,179,0.8,'3/20/18 13:16'),
 (180,180,0.7,'4/11/15 01:16'),
 (181,181,0.3,'5/19/16 00:02'),
 (182,182,0.4,'9/19/18 21:35'),
 (183,183,0.0,'9/6/12 05:21'),
 (184,184,0.8,'9/17/11 10:27'),
 (185,185,0.5,'6/2/11 05:43'),
 (186,186,0.0,'6/6/20 12:47'),
 (187,187,0.8,'1/17/16 17:26'),
 (188,188,0.6,'6/9/11 11:23'),
 (189,189,0.3,'6/27/20 01:33'),
 (190,190,0.4,'3/31/15 05:56'),
 (191,191,0.6,'4/13/18 15:19'),
 (192,192,0.7,'1/13/11 06:12'),
 (193,193,0.6,'4/25/17 19:01'),
 (194,194,0.5,'11/7/11 10:46'),
 (195,195,0.7,'12/10/14 15:02'),
 (196,196,0.2,'6/1/14 20:34'),
 (197,197,0.5,'1/11/15 16:54'),
 (198,198,0.1,'3/19/18 15:44'),
 (199,199,0.6,'2/16/12 11:01'),
 (201,201,1.0,'3/9/14 23:33'),
 (203,203,NULL,NULL),
 (219,219,NULL,'test'),
 (220,220,NULL,'10/24/20 17:16'),
 (237,237,NULL,'10/24/20 17:16'),
 (240,240,NULL,'10/24/20 17:16');
INSERT INTO "Guests" ("guestid","name") VALUES (1,'Carlie Grain'),
 (2,'Gino Marti'),
 (3,'Stacy Lack'),
 (4,'Gusta Swinley'),
 (5,'Amerigo Bodsworth'),
 (6,'Patrizia Crole'),
 (7,'Mildrid Kubyszek'),
 (8,'Arlina Tudbald'),
 (9,'Ophelia Pardey'),
 (10,'Amberly Gresswood'),
 (11,'Johny Anstead'),
 (12,'Rudolf Forsbey'),
 (13,'Katrine Punchard'),
 (14,'Germana Greenfield'),
 (15,'Jon Kibard'),
 (16,'Maribel Readshall'),
 (17,'Waring Whyke'),
 (18,'Robbyn Corck'),
 (19,'Benton Hannah'),
 (20,'Georgine Fraanchyonok'),
 (21,'Phyllida Vittore'),
 (22,'Merill Papaccio'),
 (23,'Sven Barling'),
 (24,'Kriste Gilford'),
 (25,'Giacobo Bromet'),
 (26,'Constantine Enterlein'),
 (27,'Dorella Lynes'),
 (28,'Larry Laugheran'),
 (29,'Rafaello Drew'),
 (30,'Thaddeus Shawel'),
 (31,'Tedmund Robjents'),
 (32,'Hailey Royl'),
 (33,'Rodolfo Eisikovitsh'),
 (34,'Hamel Vicent'),
 (35,'Bent Roskelley'),
 (36,'Tim Truckett'),
 (37,'Charlton Ryton'),
 (38,'Hyatt Dana'),
 (39,'Millard Twizell'),
 (40,'Hashim Novichenko'),
 (41,'Camel Pumfrey'),
 (42,'Evey MacCague'),
 (43,'Cesare Shera'),
 (44,'Marcelia Mallender'),
 (45,'Linnet Sweetnam'),
 (46,'Stafani Eleshenar'),
 (47,'Mord Prazer'),
 (48,'Romy Meadley'),
 (49,'Aristotle Copp'),
 (50,'Timothea Henric'),
 (51,'Maureen Korneev'),
 (52,'Beltran Rickesies'),
 (53,'Symon O''Bradane'),
 (54,'Emmeline Pentland'),
 (55,'Raimundo O''Mullaney'),
 (56,'Jephthah Frenzl'),
 (57,'Cairistiona Foakes'),
 (58,'Pail Dunklee'),
 (59,'Erie Dwine'),
 (60,'Andrea Kepling'),
 (61,'Gilles Lunney'),
 (62,'Waldemar Ticehurst'),
 (63,'Evy Loudiane'),
 (64,'Cathi Abrahamsen'),
 (65,'Courtnay Reichartz'),
 (66,'Karita Ryal'),
 (67,'Otha Stivers'),
 (68,'Coleen Gairdner'),
 (69,'Emanuel Evemy'),
 (70,'Ashby Lyenyng'),
 (71,'Eadmund Boss'),
 (72,'Concordia Francis'),
 (73,'Carey Burress'),
 (74,'Iorgos Kipping'),
 (75,'Hughie Lukas'),
 (76,'Sancho Labbez'),
 (77,'Bernita MacDearmid'),
 (78,'Ana Kellough'),
 (79,'Linet Ghidelli'),
 (80,'Jo McMeyler'),
 (81,'Dannel Petrashkov'),
 (82,'Marve Battey'),
 (83,'Rad Duley'),
 (84,'Quintus Valeri'),
 (85,'Jeremie Schnieder'),
 (86,'Samson Youson'),
 (87,'Francisco Alvarado'),
 (88,'Arte Musla'),
 (89,'Bertha Spinella'),
 (90,'Waldon Ruit'),
 (91,'Garvin Mullender'),
 (92,'Nicolais Tawn'),
 (93,'Nevile Stealy'),
 (94,'Wait Herley'),
 (95,'Yves Mowlam'),
 (96,'Brnaby Badam'),
 (97,'Ellis Fowlie'),
 (98,'Roy Dysart'),
 (99,'Karyl Simonsson'),
 (100,'Arney Mayell'),
 (101,'Ferdinand Green'),
 (102,'Isabelita Trays'),
 (103,'Carlin Keary'),
 (104,'Reid Granleese'),
 (105,'Tedmund Downie'),
 (106,'Zilvia Schaumann'),
 (107,'Theresina Hattrick'),
 (108,'Juliette Whyard'),
 (109,'Wallie Boniface'),
 (110,'Talya Benedite'),
 (111,'Nevil Greenley'),
 (112,'Noel Sherbourne'),
 (113,'Ilka Antczak'),
 (114,'Any Garthside'),
 (115,'Constancy Varley'),
 (116,'Sabrina Paver'),
 (117,'Tamra Karran'),
 (118,'Robby Wike'),
 (119,'Prudy Keirle'),
 (120,'Xylia Dooland'),
 (121,'Bradly Letrange'),
 (122,'Dylan Emmatt'),
 (123,'Donaugh Wigelsworth'),
 (124,'Erina MacDermid'),
 (125,'Maiga D''Andrea'),
 (126,'Garrard Batram'),
 (127,'Tobie Dyka'),
 (128,'Annecorinne Boorne'),
 (129,'Mildrid Shuard'),
 (130,'Loria Crispe'),
 (131,'Evelin Deeble'),
 (132,'Hertha McCulloch'),
 (133,'Win McDermott'),
 (134,'Crichton Gillcrist'),
 (135,'Billi Thurbon'),
 (136,'Malcolm Duplain'),
 (137,'Andris Erbain'),
 (138,'Kalinda Dumblton'),
 (139,'Franzen Btham'),
 (140,'Nicolais Klehyn'),
 (141,'Kelci Figgen'),
 (142,'Myles Fritz'),
 (143,'Trudy Kermannes'),
 (144,'Hurleigh Harrad'),
 (145,'Costanza Wyeth'),
 (146,'Denis Kellington'),
 (147,'Kincaid Lobell'),
 (148,'Jeanelle Gratten'),
 (149,'Kenyon Hulls'),
 (150,'Royce Blaydes'),
 (151,'Barn Bernardinelli'),
 (152,'Rouvin Poznanski'),
 (153,'Meara Kernley'),
 (154,'Rog Rosiello'),
 (155,'Mahala Londsdale'),
 (156,'Darius Maynard'),
 (157,'Ritchie Lacoste'),
 (158,'Viki Try'),
 (159,'Caty Geke'),
 (160,'Dorolice Chooter'),
 (161,'Roderick Jedraszek'),
 (162,'Eliza Medcalfe'),
 (163,'Karlen Maxweell'),
 (164,'Lukas Phoebe'),
 (165,'Ruy Atchly'),
 (166,'Phyllis Grady'),
 (167,'Horatius Slocombe'),
 (168,'Lindy Sundin'),
 (169,'Gayleen Karpov'),
 (170,'Ichabod Goldthorp'),
 (171,'Arden Lothean'),
 (172,'Ronna Danilchev'),
 (173,'Nita Gabbidon'),
 (174,'Ursa Mannion'),
 (175,'Earle Tanguy'),
 (176,'Irvin Odgaard'),
 (177,'Jody Sannes'),
 (178,'Marsiella Kenvin'),
 (179,'Marlin Parlott'),
 (180,'Mei Goldhawk'),
 (181,'Ingmar Ekkel'),
 (182,'Rebbecca Pickard'),
 (183,'Gregoire Smyth'),
 (184,'Orazio Delieu'),
 (185,'Nettie Mynott'),
 (186,'Gael Adran'),
 (187,'Imogen Bento'),
 (188,'Elvera Deschelle'),
 (189,'Ludovico Jerok'),
 (190,'Dave Circuitt'),
 (191,'Genevra Shipston'),
 (192,'Brittan Tebbutt'),
 (193,'Manny Goodlatt'),
 (194,'Murvyn Frazer'),
 (195,'Brigitta Tute'),
 (196,'Titus Coultas'),
 (197,'Jone Halsey'),
 (198,'Jolynn Tift'),
 (199,'Wilmar Keating'),
 (200,'Dorey Farrance'),
 (201,'Pablo Nitti'),
 (202,'Ermanno Barwack'),
 (203,'Jesse Matus'),
 (204,'Prudy Devlin'),
 (205,'Lisetta Dodsley'),
 (206,'Ferrel Jaumet'),
 (207,'Martie Coules'),
 (208,'Constancy Hyndson'),
 (209,'Meagan MacLardie'),
 (210,'Cynthie Parrott'),
 (211,'Sam Bernholt'),
 (212,'Murry Boddie'),
 (213,'Pet Prine'),
 (214,'Anselma Grisenthwaite'),
 (215,'Kyla Eady'),
 (216,'Edyth Godart'),
 (217,'Pam Fenech'),
 (218,'Georgeanne Van den Dael'),
 (219,'Regina McIsaac'),
 (220,'Jamima Linforth'),
 (221,'Lia Moorey'),
 (222,'Erastus Perrelli'),
 (223,'Mehetabel Leverette'),
 (224,'Kate Ouldcott'),
 (225,'Mag Liston'),
 (226,'Steffi Wind'),
 (227,'Butch Aronin'),
 (228,'Ardisj MacRierie'),
 (229,'Bondy Collcott'),
 (230,'Clemmie McIlwraith'),
 (231,'Agata Galle'),
 (232,'Renell Tuck'),
 (233,'Eydie Frew'),
 (234,'Annelise Anstey'),
 (235,'Shurwood Brasener'),
 (236,'Manon Kibby'),
 (237,'Sybila Batch'),
 (238,'Coraline Winsley'),
 (239,'Gregorio Wooton'),
 (240,'Maitilde Kaser'),
 (241,'Eward Looby'),
 (242,'Florentia Phillps'),
 (243,'Maryanne Slessor'),
 (244,'Francklin Tomczykowski'),
 (245,'Perkin Goldster'),
 (246,'Celestia Norgate'),
 (247,'Hilliard Elsy'),
 (248,'Teodorico Duckerin'),
 (249,'Martie Eardley'),
 (250,'Lynette McPhelim');
INSERT INTO "Listing_Guest" ("listingid","guestid") VALUES (237,71),
 (345,96),
 (286,12),
 (434,250),
 (205,156),
 (106,88),
 (466,94),
 (123,91),
 (371,186),
 (351,116),
 (287,7),
 (463,76),
 (139,30),
 (44,193),
 (138,22),
 (422,87),
 (54,247),
 (248,44),
 (316,131),
 (220,5),
 (271,234),
 (369,156),
 (34,128),
 (61,60),
 (149,250),
 (382,56),
 (103,137),
 (165,124),
 (71,224),
 (362,154),
 (157,70),
 (493,209),
 (23,107),
 (21,27),
 (273,133),
 (285,129),
 (2,60),
 (272,209),
 (226,204),
 (406,173),
 (140,245),
 (171,173),
 (150,227),
 (249,165),
 (442,32),
 (478,82),
 (108,210),
 (227,248),
 (352,73),
 (15,96),
 (105,57),
 (54,26),
 (204,81),
 (13,50),
 (229,209),
 (438,171),
 (466,61),
 (412,43),
 (496,214),
 (481,5),
 (275,225),
 (217,79),
 (365,206),
 (142,153),
 (473,88),
 (97,240),
 (150,165),
 (106,19),
 (473,52),
 (98,170),
 (460,122),
 (90,206),
 (456,34),
 (277,71),
 (483,21),
 (331,20),
 (303,5),
 (375,227),
 (143,153),
 (469,157),
 (164,88),
 (198,52),
 (439,61),
 (468,79),
 (72,12),
 (140,110),
 (209,4),
 (177,136),
 (464,208),
 (188,243),
 (261,213),
 (267,76),
 (278,83),
 (79,195),
 (58,231),
 (107,50),
 (241,83),
 (235,191),
 (159,61),
 (197,48),
 (388,236),
 (49,46),
 (189,123),
 (469,99),
 (43,216),
 (230,229),
 (143,231),
 (177,59),
 (70,104),
 (183,214),
 (71,85),
 (150,43),
 (466,223),
 (431,197),
 (143,92),
 (140,118),
 (394,150),
 (146,103),
 (9,103),
 (290,73),
 (258,50),
 (222,165),
 (138,7),
 (165,36),
 (105,25),
 (185,196),
 (367,84),
 (128,165),
 (113,236),
 (134,74),
 (446,225),
 (391,39),
 (156,21),
 (13,211),
 (5,127),
 (235,130),
 (425,197),
 (185,131),
 (201,248),
 (113,51),
 (76,240),
 (436,224),
 (391,44),
 (311,157),
 (402,203),
 (182,108),
 (74,113),
 (326,39),
 (192,240),
 (152,73),
 (136,130),
 (29,189),
 (282,53),
 (208,65),
 (50,240),
 (263,147),
 (108,97),
 (18,180),
 (266,24),
 (76,164),
 (310,138),
 (470,122),
 (487,172),
 (395,181),
 (9,153),
 (274,52),
 (169,8),
 (105,145),
 (392,39),
 (380,206),
 (143,56),
 (338,138),
 (455,11),
 (278,81),
 (485,92),
 (82,183),
 (201,4),
 (476,91),
 (485,165),
 (52,93),
 (196,112),
 (411,136),
 (84,185),
 (494,79),
 (382,138),
 (388,1),
 (105,194),
 (198,157),
 (400,192),
 (430,162),
 (402,96),
 (264,163),
 (150,55),
 (101,249),
 (325,158),
 (480,13),
 (289,82),
 (273,224),
 (407,138),
 (103,99),
 (75,148),
 (58,63),
 (448,246),
 (97,174),
 (190,186),
 (298,35),
 (3,61),
 (345,238),
 (489,140),
 (190,217),
 (309,244),
 (145,190),
 (366,159),
 (224,17),
 (144,85),
 (458,219),
 (396,128),
 (253,46),
 (360,57),
 (404,17),
 (220,206),
 (249,49),
 (257,96),
 (465,41),
 (16,197),
 (390,235),
 (150,182),
 (186,133),
 (102,182),
 (264,220),
 (309,165),
 (364,68),
 (20,122),
 (81,145),
 (142,24),
 (247,21),
 (341,69),
 (405,205),
 (445,211),
 (183,49),
 (59,153),
 (324,120),
 (347,14),
 (322,1),
 (406,229),
 (45,209),
 (70,107),
 (468,18),
 (57,90),
 (2,45),
 (397,233),
 (151,142),
 (230,125),
 (79,72),
 (363,157),
 (150,250),
 (491,135),
 (26,169),
 (177,12),
 (183,169),
 (4,124),
 (214,184),
 (373,19),
 (67,56),
 (38,80),
 (77,189),
 (317,166),
 (76,97),
 (158,96),
 (62,105),
 (410,209),
 (220,149),
 (414,76),
 (254,193),
 (292,5),
 (63,36),
 (92,64),
 (341,81),
 (470,233),
 (483,3),
 (167,1),
 (372,172),
 (130,212),
 (407,37),
 (132,95),
 (106,249),
 (424,110),
 (8,56),
 (236,13),
 (262,139),
 (164,182),
 (45,209),
 (366,76),
 (290,177),
 (80,30),
 (292,169),
 (435,78),
 (117,132),
 (74,128),
 (46,61),
 (160,176),
 (450,53),
 (383,15),
 (219,28),
 (437,21),
 (26,132),
 (71,93),
 (156,241),
 (320,40),
 (236,85),
 (282,246),
 (296,115),
 (59,100),
 (181,29),
 (195,139),
 (227,93),
 (383,249),
 (438,143),
 (287,155),
 (395,101),
 (447,101),
 (215,37),
 (304,23),
 (4,179),
 (58,44),
 (346,68),
 (499,105),
 (485,10),
 (482,13),
 (387,129),
 (467,192),
 (142,167),
 (358,29),
 (484,133),
 (366,204),
 (269,6),
 (347,219),
 (215,141),
 (75,193),
 (454,192),
 (457,240),
 (448,63),
 (12,55),
 (466,212),
 (467,130),
 (70,218),
 (384,117),
 (198,211),
 (85,129),
 (416,163),
 (284,15),
 (350,27),
 (208,6),
 (431,171),
 (75,27),
 (373,62),
 (476,245),
 (298,156),
 (315,219),
 (138,126),
 (418,56),
 (150,217),
 (274,52),
 (185,236),
 (188,192),
 (34,133),
 (53,229),
 (261,107),
 (467,24),
 (170,125),
 (173,170),
 (460,126),
 (309,148),
 (429,119),
 (76,48),
 (277,116),
 (68,9),
 (249,197),
 (127,142),
 (327,10),
 (187,231),
 (479,1),
 (453,41),
 (14,90),
 (181,94),
 (459,50),
 (245,57),
 (124,242),
 (211,126),
 (52,124),
 (306,247),
 (172,15),
 (312,239),
 (493,59),
 (485,239),
 (287,199),
 (429,120),
 (18,130),
 (19,66),
 (204,224),
 (198,101),
 (331,92),
 (297,159),
 (249,134),
 (100,190),
 (145,117),
 (152,194),
 (167,30),
 (89,191),
 (24,250),
 (324,13),
 (289,171),
 (106,195),
 (407,131),
 (253,216),
 (86,69),
 (495,117),
 (344,231),
 (77,168),
 (310,233),
 (124,192),
 (336,108),
 (341,122),
 (476,244),
 (435,165),
 (460,66),
 (147,1),
 (91,55),
 (13,101),
 (225,225),
 (292,207),
 (100,56),
 (191,113),
 (465,167),
 (355,156),
 (372,13),
 (472,164),
 (338,182),
 (391,165),
 (177,196),
 (171,67),
 (395,104),
 (340,229),
 (278,215),
 (239,197),
 (25,133),
 (210,238),
 (232,216),
 (194,84),
 (460,3),
 (145,33),
 (68,35),
 (237,99),
 (359,115),
 (29,63),
 (381,205),
 (13,99),
 (476,35),
 (160,107),
 (213,56),
 (207,164),
 (495,209),
 (106,126),
 (324,109),
 (372,44),
 (435,62),
 (287,125),
 (31,135),
 (391,15),
 (310,107),
 (386,49),
 (252,217),
 (135,67),
 (405,16),
 (163,191),
 (261,243),
 (440,15),
 (318,49),
 (367,150),
 (323,12),
 (16,87),
 (116,111),
 (394,110),
 (416,85),
 (396,7),
 (225,174),
 (162,16),
 (130,36),
 (292,109),
 (284,232),
 (279,20),
 (222,166),
 (10,100),
 (111,161),
 (163,79),
 (63,18),
 (279,233),
 (173,249),
 (186,218),
 (283,151),
 (499,167),
 (311,138),
 (262,56),
 (478,206),
 (433,169),
 (382,94),
 (377,120),
 (70,27),
 (191,44),
 (226,61),
 (496,226),
 (462,49),
 (197,116),
 (333,172),
 (342,71),
 (192,193),
 (261,28),
 (328,3),
 (210,181),
 (128,105),
 (453,250),
 (302,156),
 (468,78),
 (481,44),
 (266,173),
 (133,14),
 (297,176),
 (163,10),
 (458,37),
 (249,5),
 (55,124),
 (86,218),
 (147,83),
 (91,154),
 (456,132),
 (264,15),
 (63,193),
 (402,206),
 (489,49),
 (369,62),
 (454,60),
 (433,33),
 (265,67),
 (138,9),
 (271,162),
 (395,228),
 (339,117),
 (360,39),
 (422,231),
 (54,82),
 (395,142),
 (248,41),
 (114,57),
 (151,243),
 (162,70),
 (28,99),
 (306,246),
 (82,185),
 (180,87),
 (139,147),
 (242,121),
 (249,114),
 (366,176),
 (108,116),
 (63,144),
 (190,73),
 (423,210),
 (239,141),
 (101,222),
 (169,226),
 (355,71),
 (447,168),
 (427,16),
 (5,108),
 (443,104),
 (294,250),
 (20,78),
 (373,33),
 (421,10),
 (481,84),
 (152,219),
 (74,46),
 (418,200),
 (328,15),
 (109,50),
 (7,164),
 (287,104),
 (287,126),
 (264,241),
 (150,193),
 (141,235),
 (131,215),
 (205,42),
 (107,162),
 (58,74),
 (478,76),
 (444,157),
 (228,230),
 (445,221),
 (48,185),
 (127,91),
 (372,3),
 (28,25),
 (157,14),
 (490,193),
 (208,167),
 (17,231),
 (65,157),
 (191,66),
 (395,97),
 (110,185),
 (378,88),
 (478,131),
 (269,8),
 (351,69),
 (399,126),
 (40,40),
 (50,187),
 (45,128),
 (76,210),
 (360,223),
 (203,35),
 (93,234),
 (267,119),
 (153,61),
 (353,160),
 (67,181),
 (134,198),
 (55,186),
 (212,50),
 (264,23),
 (393,150),
 (341,22),
 (270,54),
 (335,49),
 (381,93),
 (321,210),
 (388,226),
 (102,25),
 (160,38),
 (377,230),
 (120,17),
 (8,17),
 (133,218),
 (232,101),
 (168,186),
 (193,35),
 (477,47),
 (466,140),
 (76,99),
 (154,115),
 (252,242),
 (362,109),
 (298,177),
 (64,189),
 (485,196),
 (402,213),
 (409,131),
 (30,246),
 (470,136),
 (398,233),
 (456,80),
 (360,24),
 (112,55),
 (477,14),
 (144,31),
 (96,13),
 (405,213),
 (9,46),
 (187,120),
 (295,40),
 (220,47),
 (99,122),
 (155,201),
 (192,231),
 (67,83),
 (29,247),
 (2,22),
 (378,128),
 (344,210),
 (29,13),
 (82,248),
 (19,139),
 (446,209),
 (229,182),
 (193,161),
 (422,189),
 (194,90),
 (370,165),
 (60,2),
 (212,96),
 (493,126),
 (178,176),
 (459,208),
 (418,55),
 (86,86),
 (467,64),
 (238,4),
 (119,56),
 (247,35),
 (310,188),
 (226,186),
 (342,220),
 (131,80),
 (308,115),
 (292,129),
 (110,51),
 (440,88),
 (429,12),
 (457,95),
 (489,236),
 (249,59),
 (453,172),
 (251,119),
 (481,197),
 (398,242),
 (379,55),
 (337,156),
 (198,162),
 (414,41),
 (327,94),
 (416,160),
 (469,190),
 (264,92),
 (109,238),
 (436,71),
 (357,147),
 (421,116),
 (349,3),
 (281,101),
 (193,209),
 (439,163),
 (247,83),
 (219,48),
 (475,51),
 (325,110),
 (478,187),
 (37,127),
 (128,28),
 (303,84),
 (481,4),
 (459,124),
 (324,28),
 (144,181),
 (309,190),
 (478,43),
 (9,99),
 (341,186),
 (277,146),
 (499,183),
 (30,189),
 (170,46),
 (122,218),
 (450,163),
 (121,220),
 (346,126),
 (4,23),
 (208,62),
 (172,14),
 (31,16),
 (135,165),
 (10,177),
 (56,36),
 (110,114),
 (199,84),
 (207,181),
 (371,15),
 (385,185),
 (245,209),
 (391,94),
 (418,191),
 (405,109),
 (461,53),
 (52,154),
 (62,55),
 (407,70),
 (497,192),
 (17,30),
 (479,233),
 (199,250),
 (356,13),
 (464,153),
 (236,18),
 (171,42),
 (192,212),
 (76,24),
 (333,174),
 (327,52),
 (217,56),
 (368,192),
 (433,59),
 (293,202),
 (44,221),
 (469,210),
 (280,39),
 (91,152),
 (499,208),
 (146,162),
 (423,60),
 (90,118),
 (357,207),
 (270,3),
 (203,64),
 (4,111),
 (75,45),
 (57,204),
 (303,29),
 (211,100),
 (99,209),
 (393,87),
 (413,162),
 (97,203),
 (162,79),
 (106,233),
 (89,89),
 (133,121),
 (114,24),
 (447,200),
 (378,23),
 (24,48),
 (452,53),
 (494,186),
 (428,78),
 (359,203),
 (363,215),
 (479,210),
 (495,89),
 (202,58),
 (29,4),
 (477,87),
 (75,226),
 (400,191),
 (69,247),
 (135,189),
 (212,227),
 (10,13),
 (261,30),
 (249,211),
 (136,250),
 (16,38),
 (230,177),
 (290,233),
 (268,133),
 (214,185),
 (195,164),
 (283,231),
 (55,119),
 (76,146),
 (159,174),
 (433,107),
 (97,179),
 (377,35),
 (303,192),
 (229,123),
 (166,218),
 (348,28),
 (313,136),
 (133,77),
 (72,120),
 (95,53),
 (161,18),
 (6,218),
 (371,43),
 (451,1),
 (467,79),
 (365,138),
 (40,247),
 (69,189),
 (228,194),
 (158,60),
 (37,137),
 (450,192),
 (248,138),
 (358,159),
 (337,91),
 (344,175),
 (370,206),
 (184,74),
 (55,204),
 (17,116),
 (346,8),
 (368,181),
 (331,77),
 (122,229),
 (88,123),
 (362,68),
 (250,46),
 (390,228),
 (156,167),
 (238,180),
 (300,79),
 (135,49),
 (415,3),
 (41,192),
 (244,220),
 (176,103),
 (323,185),
 (137,165),
 (306,101),
 (223,166),
 (432,161),
 (391,171),
 (80,232),
 (117,97),
 (122,154),
 (474,173),
 (176,182),
 (97,130),
 (353,6),
 (29,157),
 (373,138),
 (158,10),
 (496,176),
 (84,109),
 (51,59),
 (439,247),
 (456,31),
 (336,94),
 (469,63),
 (305,210),
 (233,229),
 (246,11),
 (220,21),
 (108,29),
 (255,187),
 (424,48),
 (281,81),
 (314,63),
 (49,38),
 (407,135),
 (51,152),
 (174,47),
 (314,200),
 (470,44),
 (264,144),
 (436,170),
 (327,115),
 (167,134),
 (129,179),
 (442,54);
COMMIT;
